city_name,hotel_name,address,rating,rating_count,latitude,longitude
Mont Saint Michel,Hôtel La Confiance,"2 Escalier de la Poste, 50170 Le Mont-Saint-Michel, France",3.4,658.0,48.6351783,-1.5104259
Mont Saint Michel,Hôtel Vert,"8 Rte du Mont Saint-Michel, 50170 Le Mont-Saint-Michel, France",4.0,1397.0,48.6147297,-1.5093547999999999
Mont Saint Michel,Hôtel du Guesclin,"Grande Rue, 50170 Le Mont-Saint-Michel, France",4.3,921.0,48.6356332,-1.5098334999999998
Mont Saint Michel,B&B HOTEL Avranches Baie du Mont Saint-Michel,"Parc de la Baie, 50300 Le Val-Saint-Père, France",4.0,2765.0,48.6550197,-1.3537564
Mont Saint Michel,Hôtel Gabriel - Hôtel Mont Saint Michel,"Route du Mont Saint-Michel, La Caserne, 50170 Le Mont-Saint-Michel, France",4.0,880.0,48.6154819,-1.5108623
Mont Saint Michel,ibis Pontorson Baie du Mont-Saint-Michel,"ZA Le Point du Jour, 35610 Saint-Georges-de-Gréhaigne, France",4.2,2225.0,48.5681155,-1.542957
Mont Saint Michel,Hôtel Mercure Mont-Saint-Michel,"Rte du Mont Saint-Michel Bp 8, 50170 Le Mont-Saint-Michel, France",4.2,2326.0,48.614335,-1.5106802
Mont Saint Michel,"L'Etape du Mont,","21 Rue Général Patton, 50170 Pontorson, France",4.8,155.0,48.5566472,-1.5111843999999999
Mont Saint Michel,"The Originals Boutique, Hôtel Les Quatre Salines, Le Mont Saint-Michel Sud","3 Les Quatre Salines, 35610 Roz-sur-Couesnon, France",4.0,697.0,48.595193,-1.589953
Mont Saint Michel,L'Ermitage Mont Saint Michel,"14 Rte du Mont Saint-Michel, 50170 Beauvoir, France",4.7,259.0,48.5944657,-1.5113801
Mont Saint Michel,"le Clos Saint-Gilles, Ardevon","2 Rte de Saint-Gilles Ardevon, 50170 Pontorson, France",5.0,196.0,48.5907663,-1.46616
Mont Saint Michel,Auberge La Mère Poulard,"Grande Rue, 50170 Le Mont-Saint-Michel, France",3.8,9144.0,48.6351095,-1.5108914
Mont Saint Michel,Au P'tit Mont,"5 Rte de Saint-Gilles Ardevon, 50170 Pontorson, France",4.8,72.0,48.5911532,-1.4661925
Mont Saint Michel,Auberge Saint Pierre,"6 Grande Rue, 50170 Le Mont-Saint-Michel, France",2.8,2238.0,48.6353417,-1.5099866
Mont Saint Michel,La Vieille Auberge,"16 Grande Rue, 50170 Le Mont-Saint-Michel, France",2.2,2629.0,48.6358956,-1.5097946
Mont Saint Michel,Hôtel La Croix Blanche,"3025 Grande Rue, 50170 Le Mont-Saint-Michel, France",2.5,709.0,48.635476499999996,-1.5098586999999999
Mont Saint Michel,Hôtel Rose,"5 Rte du Mont Saint-Michel, 50170 Beauvoir, France",4.5,446.0,48.5969857,-1.5135716
Mont Saint Michel,HOTEL IBIS BUDGET PONTORSON,"ZA Le Point du Jour, 35610 Saint-Georges-de-Gréhaigne, France",4.6,43.0,48.568118899999995,-1.5429563
Mont Saint Michel,Relais Saint-Michel,"La Caserne, 50170 Le Mont-Saint-Michel, France",4.1,3607.0,48.617783599999996,-1.5103335999999998
Mont Saint Michel,Le Relais du Roy - Hôtel au Mont Saint-Michel,"8 Route du, 50170 Le Mont-Saint-Michel, France",4.1,636.0,48.6163427,-1.5111238999999999
St Malo,Hôtel France et Chateaubriand Saint-Malo,"12 Pl. Chateaubriand, 35400 Saint-Malo, France",4.0,2955.0,48.651361300000005,-2.0241474
St Malo,Hôtel Mercure St Malo Front de Mer,"36 Chau. du Sillon, 35400 Saint-Malo, France",4.2,918.0,48.6524339,-2.014408
St Malo,Hôtel Le Jersey,"53 Chau. du Sillon, 35400 Saint-Malo, France",4.4,468.0,48.655701,-2.005385
St Malo,Le Grand Hôtel des Thermes,"Grande Plage du Sillon, 100 Bd Hébert, 35400 Saint-Malo, France",4.6,3091.0,48.6578848,-1.9995946
St Malo,Hôtel Kyriad Saint Malo Plage Vue Mer,"49 Chau. du Sillon, 35400 Saint-Malo, France",4.3,1942.0,48.6554338,-2.0055695
St Malo,Hôtel Des Abers,"10 Rue de la Corne de Cerf, 35400 Saint-Malo, France",4.8,331.0,48.65046900000001,-2.024942
St Malo,Hôtel ibis Styles Saint-Malo Port,"6-8 Quai du Val, 35400 Saint-Malo, France",4.2,1268.0,48.6394043,-2.0141397
St Malo,Hôtel Ibis Saint-Malo Plage,"58 Chau. du Sillon, 35400 Saint-Malo, France",4.4,1473.0,48.6531313,-2.0121567000000002
St Malo,ibis Saint-Malo La Madeleine,"Avenue Du General De Gaulle, Imp. de la Peupleraie, 35400 Saint-Malo, France",4.0,1094.0,48.625524,-1.9899190999999998
St Malo,Hôtel Ibis Budget Saint Malo Centre,"Bd des Talards 138-140, 35400 Saint-Malo, France",3.7,1371.0,48.638462499999996,-2.0094694
St Malo,Hôtel Le Nouveau Monde,"64 Chau. du Sillon, 35400 Saint-Malo, France",4.7,2659.0,48.6534779,-2.0107182999999997
St Malo,Mercure Saint Malo Balmoral,"24 Rue Théodore Monod, 35400 Saint-Malo, France",4.3,880.0,48.6464679,-2.0062696
St Malo,Escale Oceania Saint-Malo,"76 Chau. du Sillon, 35400 Saint-Malo, France",4.3,1151.0,48.654319,-2.008571
St Malo,Hôtel Ibis Styles Saint-Malo Centre Historique,"4 Pl. du Poids du Roi, 35400 Saint-Malo, France",4.2,1332.0,48.6486241,-2.0239867
St Malo,"Hôtel ""Le Beaufort""","25 Chau. du Sillon, 35400 Saint-Malo, France",4.4,854.0,48.6550411,-2.006818
St Malo,Hôtel de l'Univers Saint-Malo,"12 Pl. Chateaubriand, 35400 Saint-Malo, France",3.9,1434.0,48.6510588,-2.0238576999999998
St Malo,Logis Hôtel la Grassinais,"12 All. de la Grassinais, 35400 Saint-Malo, France",4.5,371.0,48.624078399999995,-1.9877555999999998
St Malo,B&B HOTEL Saint-Malo Centre,"76 Av. du Général de Gaulle, 35400 Saint-Malo, France",3.6,3508.0,48.636960599999995,-1.9904781999999999
St Malo,Brit Hotel Saint Malo - Le Transat,"3 Rue de la Saulaie, 35400 Saint-Malo, France",3.9,1244.0,48.6219811,-1.9913402
St Malo,Les Ambassadeurs Logis Hôtel,"11 Chau. du Sillon, 35400 Saint-Malo, France",4.2,1747.0,48.6548066,-2.0077541
Bayeux,Hôtel De Brunville & Spa,"25 Rue des Bouchers, 14400 Bayeux, France",4.0,787.0,49.278324399999995,-0.7034689
Bayeux,Hôtel Le Bayeux,"Basse-Normandie, 9 Rue Tardif, 14400 Bayeux, France",4.3,559.0,49.2740759,-0.704423
Bayeux,Campanile Bayeux,"Angle du Boulevard Maréchal Leclerc et, Rte de Saint-Lô, 14400 Bayeux, France",3.9,593.0,49.2698302,-0.7065309
Bayeux,Hôtel Villa Lara,"6 Pl. du Québec, 14400 Bayeux, France",4.8,235.0,49.2760952,-0.7005952
Bayeux,Hôtel Le Lion d'Or et Restaurant La Table du Lion,"71 Rue Saint-Jean, 14400 Bayeux, France",4.4,854.0,49.2760739,-0.6985123
Bayeux,Hôtel Churchill,"14 Rue Saint-Jean, 14400 Bayeux, France",4.2,249.0,49.276573199999994,-0.700562
Bayeux,Novotel Bayeux,"117 Rue Saint Patrice Rond Point De Vaucelles, 14400 Bayeux, France",4.0,643.0,49.281684,-0.7184368999999999
Bayeux,Ibis Budget Hôtel Bayeux,"Za De Nonant, Rue des Longues Haies, 14400 Nonant, France",4.2,1208.0,49.2535842,-0.6468104
Bayeux,Le Castel & Au Loup Bayeux,"1 Bd Sadi Carnot, 14400 Bayeux, France",4.3,168.0,49.2736275,-0.7030898999999999
Bayeux,Hôtel Reine Mathilde,"23 Rue Larcher, 14400 Bayeux, France",4.5,1018.0,49.2760943,-0.7016608999999999
Bayeux,Domaine de Bayeux,"20 Rue de Crémel, 14400 Bayeux, France",4.8,166.0,49.2723301,-0.6986605
Bayeux,Hôtel d'Argouges,"21 Rue Saint-Patrice, 14400 Bayeux, France",4.6,246.0,49.2789893,-0.70839
Bayeux,Grand Hôtel du Luxembourg & Spa,"25 Rue des Bouchers, 14400 Bayeux, France",4.3,939.0,49.278393,-0.703252
Bayeux,Hôtel Tardif,"16 Rue de Nesmond, 14400 Bayeux, France",4.7,137.0,49.2744501,-0.7021113999999999
Bayeux,Le Petit Matin,"place charles de gaulle, 9 Rue des Terres, 14400 Bayeux, France",4.9,135.0,49.276112999999995,-0.709047
Bayeux,Chateau de Damigny,"Chem. du Bois Gentil, 14400 Saint-Martin-des-Entrées, France",4.8,181.0,49.2471458,-0.6547569999999999
Bayeux,Le Saint-Patrice,"30 Rue Saint-Patrice, 14400 Bayeux, France",4.3,162.0,49.2798338,-0.7107156
Bayeux,Logis Hôtel La Rosière,"14 Rte de Bayeux, 14117 Tracy-sur-Mer, France",4.4,297.0,49.3234034,-0.6518237
Bayeux,Le Declic Hotel,"20 Rue Alain Chartier, 14400 Bayeux, France",4.4,145.0,49.2793,-0.7070171
Bayeux,Hôtel Belle Normandy & Bar 1066,"1 Rue des Cordeliers, 14400 Bayeux, France",4.8,148.0,49.2744028,-0.7081116
Le Havre,Hilton Garden Inn Le Havre Centre,"128 Bd Clemenceau, 76600 Le Havre, France",4.5,847.0,49.4899792,0.0977396
Le Havre,Hôtel Mercure Le Havre Centre Bassin du Commerce,"Chau. Georges Pompidou, 76600 Le Havre, France",4.1,1286.0,49.490313,0.11696799999999997
Le Havre,ibis Le Havre Centre,"Rue 129EME, 76600 Le Havre, France",4.1,1588.0,49.4917052,0.11863429999999998
Le Havre,Novotel Le Havre Centre Gare,"20 Cours La Fayette, Quai Colbert, 76600 Le Havre, France",4.0,1427.0,49.491531699999996,0.1250512
Le Havre,Best Western Plus Le Havre Centre Gare,"23 Cr de la République, 76600 Le Havre, France",4.5,176.0,49.493337399999994,0.12426939999999997
Le Havre,B&B HOTEL Le Havre Centre,"126 Cr de la République, 76600 Le Havre, France",4.3,855.0,49.49817470000001,0.1287718
Le Havre,Pasino Partouche Le Havre (Casino),"55-43 Quai George V, 76600 Le Havre, France",3.9,3090.0,49.491374900000004,0.1120312
Le Havre,NOMAD Hotel Le Havre,"5 Rue Magellan, 76600 Le Havre, France",4.4,1281.0,49.4934219,0.1253841
Le Havre,Hôtel et Spa Vent d'Ouest,"4 Rue de Caligny, 76600 Le Havre, France",4.4,582.0,49.4913624,0.10084349999999999
Le Havre,Hôtel Carmin,"Le, 15 Rue Georges Braque, 76600 Le Havre, France",4.5,289.0,49.4948299,0.10541090000000002
Le Havre,Best Western ARThotel,"147 Rue Louis Brindeau, 76600 Le Havre, France",4.0,513.0,49.4912382,0.1065457
Le Havre,La Petite Rade Hôtel Logis,"3 Place Clémenceau, 76310 Sainte-Adresse, France",4.2,358.0,49.5023183,0.08593650000000001
Le Havre,Hôtel IBIS Budget le HAVRE Les Docks,"38 Rue Dr Piasceki, 76600 Le Havre, France",4.3,914.0,49.4942378,0.1429239
Le Havre,Eklo Hotels Le Havre,"466 Av. du Bois au Coq, 76600 Le Havre, France",3.3,887.0,49.5196076,0.1158564
Le Havre,Hôtel Lilybloom,"6 Rue Gustave Lennier, 76600 Le Havre, France",4.3,37.0,49.488234899999995,0.1081339
Le Havre,Hôtel Ibis Styles,"121 Rue de Paris, 76600 Le Havre, France",3.4,566.0,49.4884888,0.10723610000000001
Le Havre,Oscar Hôtel,"106 Rue Voltaire, 76600 Le Havre, France",4.2,198.0,49.489810999999996,0.10715759999999999
Le Havre,"The Originals Boutique, Hôtel Le Marignan, Le Havre","213 Bd de Strasbourg, 76600 Le Havre, France",3.9,370.0,49.492357399999996,0.12312199999999998
Le Havre,Hôtel Première Classe,"Rue Nungesser et Coli, 76600 Le Havre, France",4.0,983.0,49.496899,0.1512233
Le Havre,Boutique Hotel d'Angleterre,"1 Rue Louis Philippe, 76600 Le Havre, France",3.7,360.0,49.494041499999994,0.09935139999999999
Rouen,"Holiday Inn Express Rouen Centre - Rive Gauche, an IHG Hotel","103 Av. Jean Rondeaux, 76100 Rouen, France",4.4,718.0,49.4299228,1.0724961
Rouen,Hyatt Place Rouen,"77 Rte de Neufchâtel, 76000 Rouen, France",4.2,308.0,49.453168,1.0989046999999998
Rouen,"Radisson Blu Hotel, Rouen Centre","6-8 Rue du Donjon, 76000 Rouen, France",4.6,1035.0,49.4466914,1.0939851999999999
Rouen,Hôtel Novotel Suites Rouen Normandie,"Ilot Pasteur, 10 Quai de Boisguilbert, 76000 Rouen, France",4.3,1000.0,49.4435985,1.0752523
Rouen,Campanile Rouen Nord - Mont Saint Aignan,"1 Rue Jacques Monod, 76130 Mont-Saint-Aignan, France",4.0,337.0,49.476994999999995,1.0935219999999999
Rouen,Hôtel de Bourgtheroulde,"15 Pl. de la Pucelle, 76000 Rouen, France",4.4,2408.0,49.4419918,1.0882673999999999
Rouen,Hôtel Mercure Rouen Centre Cathédrale,"7 Rue Croix De Fer, Parking, Rue des Arsins, 76000 Rouen, France",4.3,1807.0,49.44139740000001,1.0952956999999999
Rouen,Hôtel Restaurant Campanile Rouen Sud Zénith Parc Expo,"Av. de la Mare Sansoure, 76800 Saint-Étienne-du-Rouvray, France",3.9,646.0,49.390710000000006,1.059651
Rouen,ibis Rouen Centre Champ-de-Mars,"12 Av. Aristide Briand, 76000 Rouen, France",4.2,1297.0,49.4357617,1.1034507
Rouen,Hôtel ibis Budget Rouen Centre Rive Gauche,"55 Av. de la Libération, 76100 Rouen, France",4.1,926.0,49.4250154,1.0686875
Rouen,Grand Hôtel de la Seine - Rouen,"14 Quai Gaston Boulet, 76000 Rouen, France",4.3,199.0,49.441773,1.081659
Rouen,Hôtel Mercure Rouen Centre Champ-de-Mars,"12 Bis Av. Aristide Briand, 76000 Rouen, France",4.1,1207.0,49.435879799999995,1.1029461999999999
Rouen,Kyriad Rouen Sud - Sotteville les Rouen,"23 Rue d'Eauplet, 76300 Sotteville-lès-Rouen, France",4.3,256.0,49.4219,1.107244
Rouen,ibis Rouen Centre Rive Droite Pasteur,"7 Rue Montaigne, 76000 Rouen, France",4.4,304.0,49.443536599999995,1.0759393
Rouen,Hôtel ibis Budget Rouen Petit Quevilly,"4 Pl. Waldeck Rousseau, 76140 Le Petit-Quevilly, France",4.1,910.0,49.4254338,1.0550907
Rouen,Hôtel Cardinal,"1 Pl. de la Cathédrale, 76000 Rouen, France",4.5,75.0,49.439901899999995,1.0937639
Rouen,Hôtel Paulette Rouen Centre Cathédrale,"12 Rue de la Champmesle, 76000 Rouen, France",4.6,715.0,49.4387585,1.0914681
Rouen,"Hôtel Littéraire Gustave Flaubert, BW Signature Collection","33 Rue du Vieux Palais, 76000 Rouen, France",4.4,1436.0,49.4426231,1.0868609999999999
Rouen,Eaux Spa - Love Room Jacuzzi & Sauna,"9 Rue du Terrain, 76100 Rouen, France",4.4,257.0,49.428935599999996,1.0772954
Rouen,ibis Styles Rouen Centre Rive Gauche,"55 Av. de la Libération, 76100 Rouen, France",4.4,416.0,49.4250368,1.0686362999999999
Paris,Hôtel Georgette,"36 Rue du Grenier-Saint-Lazare, 75003 Paris, France",4.4,584.0,48.8632711,2.3526930000000004
Paris,Paris France Hôtel,"72 R. de Turbigo, 75003 Paris, France",4.7,1549.0,48.866341399999996,2.3606007
Paris,Grand Hôtel de Paris,"72 Bd de Strasbourg, 75010 Paris, France",3.1,575.0,48.8753496,2.3579657
Paris,Europe Saint Séverin Hotel - Paris Centre,"38-40 Rue Saint-Séverin, 75005 Paris, France",4.4,1434.0,48.85275180000001,2.3443131
Paris,Hôtel France Louvre,"40 Rue de Rivoli, 75004 Paris, France",4.3,1142.0,48.8565422,2.3560373
Paris,Hôtel Louvre Saint-Honoré,"141 Rue Saint-Honoré, 75001 Paris, France",4.3,824.0,48.8617129,2.3406602
Paris,Hôtel de Paris,"104bis Rue de Paris, 92100 Boulogne-Billancourt, France",4.2,460.0,48.8412058,2.2403652
Paris,Hôtel Dalila Paris,"51 Rue Letort, 75018 Paris, France",4.2,920.0,48.896592,2.3436075
Paris,Familia Hôtel,"11 Rue des Écoles, 75005 Paris, France",4.1,527.0,48.8476417,2.3515791999999998
Paris,Hôtel Saint-Pierre,"4 Rue de l'École de Médecine, 75006 Paris, France",3.6,458.0,48.850665299999996,2.3420165
Paris,Hôtel Toujours - 4 étoiles - Paris 16e arrondissement,"155 Av. de Malakoff, 75116 Paris, France",4.4,320.0,48.8761523,2.283468
Paris,Grand Hôtel des Balcons,"3 Rue Casimir Delavigne, 75006 Paris, France",4.5,643.0,48.850361899999996,2.3393469
Paris,Hôtel Darcet,"4 Rue Darcet, 75017 Paris, France",4.5,779.0,48.883427000000005,2.3253358
Paris,Hôtel Paris Lafayette,"23 Rue des Messageries, 75010 Paris, France",3.8,1275.0,48.876420599999996,2.3488949999999997
Paris,Hôtel Le Parisis,"102 Bd de Grenelle, 75015 Paris, France",4.6,1295.0,48.84952510000001,2.295556
Paris,Hôtel Le petit Paris,"214 Rue St Jacques, 75005 Paris, France",4.6,381.0,48.8452768,2.3424125
Paris,Hôtel La Demeure,"51 Bd Saint-Marcel, 75013 Paris, France",4.4,814.0,48.8378084,2.3558185
Paris,Hotel Paris Bastille,"67 Rue de Lyon, 75012 Paris, France",4.3,825.0,48.8510476,2.3699308
Paris,Hôtel Odyssey,"19 Rue Hérold, 75001 Paris, France",4.3,526.0,48.8650686,2.3416793
Paris,Hôtel du Pré,"10 Rue Pierre Semard, 75009 Paris, France",4.2,543.0,48.8775312,2.3470969999999998
Amiens,Moxy Amiens,"29-33 Rue Paul Tellier, 80000 Amiens, France",4.5,711.0,49.8910754,2.3094746
Amiens,B&B HOTEL Amiens Centre Cathédrale,"4 Rue du Maréchal de Lattre de Tassigny, 80000 Amiens, France",4.1,1438.0,49.8920672,2.291846
Amiens,Hôtel Ibis Budget Amiens Centre Gare,"15 Rue Dejean, 80000 Amiens, France",4.3,1277.0,49.8920372,2.3132653000000003
Amiens,Holiday Inn Express Amiens,"10 Bd d'Alsace Lorraine, 80000 Amiens, France",4.1,894.0,49.891581599999995,2.3074760999999997
Amiens,Hôtel Mercure Amiens Cathédrale,"21 23 Rue Flatters, 80000 Amiens, France",4.3,1466.0,49.8960137,2.2996895
Amiens,"ibis Styles Amiens Centre hôtel, restaurant et bar derrière la Tour Perret","5 Pass. Auguste Perret, 80000 Amiens, France",4.6,1058.0,49.89142770000001,2.304814
Amiens,Hôtel Le Prieuré,"17 Rue Porion, 80000 Amiens, France",4.4,433.0,49.894323,2.3007649999999997
Amiens,Ibis Styles Amiens Sud,"73 Av. Valéry Giscard d'Estaing, 80000 Amiens, France",4.4,432.0,49.8796089,2.2664980999999997
Amiens,You Hotel Amiens - Handwritten Collection,"5 Rue Marie Denizard, 80000 Amiens, France",4.8,115.0,49.8910636,2.313544
Amiens,Première Classe Amiens,"Rue Raphaël, 80080 Amiens, France",2.9,773.0,49.919888,2.2922029999999998
Amiens,Hôtel Spa Marotte,"3 Rue Marotte, 80000 Amiens, France",3.8,261.0,49.8910127,2.3012387999999997
Amiens,Logis Hôtel la Chambre d'Amiens,"1 Av. de l'Hippodrome, 80000 Amiens, France",4.5,519.0,49.894408399999996,2.2764336
Amiens,Comfort Hotel Amiens Nord,"ZAC, Rue le Gréco, 80085 Amiens, France",3.4,944.0,49.924912899999995,2.3044214999999997
Amiens,Grand Hôtel de l'Univers,"2 Rue de Noyon, 80000 Amiens, France",3.8,341.0,49.891044699999995,2.3042233
Amiens,Le Saint Louis,"24 Rue des Otages, 80000 Amiens, France",4.2,272.0,49.889759999999995,2.3025599999999997
Amiens,B&B HOTEL Amiens Sud,"41 Rue Alexandre Dumas, 80000 Amiens, France",4.7,3.0,49.8709011,2.3023531999999998
Amiens,B&B HOTEL Amiens Longueau,"18 Av. de l'Arc, 80330 Longueau, France",3.5,1782.0,49.871435399999996,2.3706785
Amiens,Appart'City Confort Amiens Gare - Appart Hôtel,"80 Bd d'Alsace Lorraine, 80000 Amiens, France",4.0,949.0,49.89411450000001,2.3096331
Amiens,Hotel Novotel Amiens,"7 Rue des Indes Noires, 80440 Boves, France",3.7,1011.0,49.8659052,2.3713355
Amiens,Nemea Appart'Hotel Coliseum Amiens Centre,"25 Rue Frédéric Petit, 80000 Amiens, France",4.6,250.0,49.892280299999996,2.2892866
Lille,Hôtel Ibis Lille Centre Grand Palais,"1-3 Rue des Moulins de Garance, 59000 Lille, France",4.3,1349.0,50.6330497,3.0745612
Lille,L'Hermitage Gantois,"224 Rue Pierre Mauroy, 59000 Lille, France",4.4,2147.0,50.6314698,3.0681863999999996
Lille,Hôtel Couvent Des Minimes,"17 Quai du Wault, 59800 Lille, France",4.0,1437.0,50.6380446,3.0551082
Lille,Hôtel l'Arbre Voyageur Lille,"45 Bd Carnot, 59800 Lille, France",4.7,1226.0,50.639627,3.0674381
Lille,CENTRAL - Auberge de jeunesse & Hôtel Lille,"10 Rue du Maréchal de Lattre de Tassigny, 59800 Lille, France",4.8,212.0,50.6347745,3.0550666
Lille,Best Western - Why Hotel,"7 Sq. Morisson, 59000 Lille, France",4.4,1117.0,50.634329699999995,3.0614681999999998
Lille,Residence Inn by Marriott Lille,"83 Av. Willy Brandt, 59777 Lille, France",4.5,34.0,50.6371653,3.0722942
Lille,Hôtel Carlton Lille,"3 Rue Pierre Mauroy, 59000 Lille, France",4.3,1929.0,50.636733299999996,3.0653687
Lille,Hôtel Ibis budget Lille Gares Vieux-Lille,"10 Rue de Courtrai, 59000 Lille, France",3.5,1747.0,50.6424917,3.0679803999999997
Lille,Best Western Hôtel Le Beffroi,"76 Rue du Maréchal Foch, 59120 Loos, France",4.6,512.0,50.6152224,3.016736
Lille,Au Chat Qui Dort Lille - Villa Gounod,"2 Rue Gounod, 59800 Lille, France",4.7,251.0,50.64221500000001,3.0888310000000003
Lille,OKKO Hotels Lille Centre,"13 Rue d'Amiens, 59800 Lille, France",4.5,1004.0,50.6340745,3.0642291
Lille,"Hôtel de la Paix Lille - Charme, Confort & Accueil chaleureux au coeur de Lille","46 Rue Pierre Mauroy, 59800 Lille, France",4.1,345.0,50.636227999999996,3.0656936999999997
Lille,Novotel Suites Gare Lille Europe,"Bd de Turin, 59000 Lille, France",4.1,1879.0,50.638965899999995,3.0768419
Lille,B&B HOTEL Lille Centre Grand Palais,"169 Rue Berthe Morisot, 59000 Lille, France",4.2,3767.0,50.6276626,3.0820671
Lille,Hôtel Mercure Lille Centre Grand Place,"2 Bd Carnot, 59000 Lille, France",4.1,1352.0,50.6381303,3.0655574999999997
Lille,Hôtel La Valiz Lille | Face à Gare Lille Flandres,"13 Pl. de la Gare, 59000 Lille, France",4.3,597.0,50.6369724,3.0694952
Lille,Novotel Lille Centre Gares,"49 Rue de Tournai, 59000 Lille, France",4.2,1296.0,50.6343452,3.0738646999999997
Lille,Eklo hotels lille,"6 Rue Professeur Langevin, 59000 Lille, France",3.8,1483.0,50.620261,3.083746
Lille,Grand Hôtel Lille,"GRAND HOTEL, 51 Rue Faidherbe, 59000 Lille, France",4.1,654.0,50.6369124,3.0679821
Strasbourg,LÉONOR Hôtel by Stay Collection,"11 Rue de la Nuée-Bleue, 67000 Strasbourg, France",4.7,1168.0,48.5859418,7.747235
Strasbourg,ibis budget Strasbourg Centre Republique,"23A Rue Jean-Frédéric Oberlin, 67000 Strasbourg, France",4.3,761.0,48.59124740000001,7.754246
Strasbourg,Hôtel Le Grillon,"2 Rue Thiergarten, 67000 Strasbourg, France",4.1,795.0,48.583957299999994,7.7376965
Strasbourg,Hilton Strasbourg,"1 Av. Herrenschmidt, 67000 Strasbourg, France",3.8,3510.0,48.5968009,7.755260499999999
Strasbourg,Hôtel des Vosges****,"3 Pl. de la Gare, 67000 Strasbourg, France",4.4,502.0,48.583824799999995,7.735278900000001
Strasbourg,Hôtel Cathédrale,"12- 13 Pl. de la Cathédrale, 67000 Strasbourg, France",4.0,608.0,48.5818648,7.7495138
Strasbourg,Ibis Strasbourg Centre Petite France,"18 Rue du Faubourg-National, 67000 Strasbourg, France",3.8,1209.0,48.5826121,7.737154200000001
Strasbourg,ibis Strasbourg Centre Historique,"7 Rue de Molsheim, 67000 Strasbourg, France",3.5,3478.0,48.578388399999994,7.735356100000001
Strasbourg,AC Hotel Strasbourg,"4 -6 Bd de Dresde, 67000 Strasbourg, France",4.2,751.0,48.5989616,7.762933899999999
Strasbourg,OKKO Hotels Strasbourg Centre,"46 Rue du Bass. d'Austerlitz, 67100 Strasbourg, France",4.4,1496.0,48.5740602,7.765509100000001
Strasbourg,Boutique Hôtel des XV,"46 Rue du Conseil des Quinze, 67000 Strasbourg, France",4.8,147.0,48.589259899999995,7.782908399999999
Strasbourg,ibis budget Strasbourg Centre Gare,"13 Pl. de la Gare, 67000 Strasbourg, France",4.1,1910.0,48.5850986,7.736682300000001
Strasbourg,Hôtel Mercure Strasbourg Centre Petite France,"3 Rue du Maire Kuss, 67000 Strasbourg, France",4.4,976.0,48.5835631,7.737910099999999
Strasbourg,Hôtel Rohan Strasbourg,"17-19 Rue du Maroquin, 67000 Strasbourg, France",4.3,884.0,48.5808906,7.7503747
Strasbourg,Best Western Plus Hôtel Villa d'Est - Strasbourg,"12 Rue Jacques Kablé, 67000 Strasbourg, France",4.4,590.0,48.592228899999995,7.745783399999999
Strasbourg,Hôtel & Spa Le Bouclier d'Or,"1 Rue du Bouclier, 67000 Strasbourg, France",4.6,598.0,48.5806243,7.743717200000001
Strasbourg,Grand Hôtel Strasbourg by Stay Collection,"12 Pl. de la Gare, 67000 Strasbourg, France",4.1,1444.0,48.5847,7.736599999999999
Strasbourg,Hôtel Arok,"7 Pl. de la Gare, 67000 Strasbourg, France",4.6,966.0,48.5838788,7.7360748
Strasbourg,Hôtel des Arts Strasbourg,"10 Pl. du Marché-aux-Cochons-de-Lait, 67000 Strasbourg, France",3.8,264.0,48.580358499999996,7.751336599999999
Strasbourg,Hôtel Régent Contades by Stay Collection,"8 Av. de la Liberté, 67000 Strasbourg, France",4.4,860.0,48.58573,7.758374
Chateau du Haut Koenigsbourg,Domaine du Haut-Koenigsbourg,"Route du Haut Koenigsbourg, 67600 Orschwiller, France",4.4,87.0,48.246982499999994,7.3468208
Chateau du Haut Koenigsbourg,Auberge La Meunière,"30 Rue Sainte-Anne, 68590 Thannenkirch, France",4.4,726.0,48.2300809,7.3035665000000005
Chateau du Haut Koenigsbourg,Hôtel Restaurant Au Fief du Château,"20 Grand Rue, 67600 Orschwiller, France",4.6,631.0,48.2414733,7.382303799999999
Chateau du Haut Koenigsbourg,Domaine Sylvie Fahrer et Fils,"24 Rte du Vin, 68590 Saint-Hippolyte, France",4.7,390.0,48.231781899999994,7.3709311
Chateau du Haut Koenigsbourg,"Hôtel Val-Vignes Colmar Haut-Koenigsbourg,The Originals Relais","23 Chem. Wall, 68590 Saint-Hippolyte, France",4.4,613.0,48.235141299999995,7.3679809999999994
Chateau du Haut Koenigsbourg,Hôtel Chez Norbert,"9 Grand Rue, 68750 Bergheim, France",4.9,68.0,48.2052907,7.3633741
Chateau du Haut Koenigsbourg,La Bacchante,"17 Rue Saint-Fulrade, 68590 Saint-Hippolyte, France",4.7,225.0,48.2322006,7.3679356
Chateau du Haut Koenigsbourg,Logis Hôtel Frankenbourg,"13 Rue du Général de Gaulle, 67730 La Vancelle, France",4.9,102.0,48.2853,7.308799999999999
Chateau du Haut Koenigsbourg,La Maison de juliette,"1 Av. de l'Europe, 68590 Saint-Hippolyte, France",4.3,74.0,48.230039999999995,7.373492799999999
Chateau du Haut Koenigsbourg,"SARL GITES THIRION (chambres, studios et appartements)","71 Rte du Vin, 68590 Saint-Hippolyte, France",4.8,30.0,48.232625299999995,7.3676105
Chateau du Haut Koenigsbourg,Hôtel Restaurant Elisabeth - La Vancelle,"5 Rue du Général de Gaulle, 67730 La Vancelle, France",4.5,615.0,48.2842157,7.302074800000001
Chateau du Haut Koenigsbourg,Logis Hôtel Restaurant le Parc,"6 Rue du Parc, 68590 Saint-Hippolyte, France",4.5,1069.0,48.2321611,7.365104799999999
Chateau du Haut Koenigsbourg,Hôtel Pêche de Vigne & Spa,"31 Rue du Pinot Noir, 68590 Rodern, France",4.8,504.0,48.22481200000001,7.353965199999998
Chateau du Haut Koenigsbourg,Hôtel A la Vignette,"66 Rte du Vin, 68590 Saint-Hippolyte, France",4.5,464.0,48.233193799999995,7.3675937
Chateau du Haut Koenigsbourg,Le Manoir des Sens - Foret de Bergheim,"21 ROUTE DU HAUT KOENIGSBOURG - ANNEXE THANNENKIRCH, 68750 Bergheim, France",4.9,145.0,48.2349794,7.3068431
Chateau du Haut Koenigsbourg,Hôtel Haut-Koenigsbourg,"9 Rue de Rodern, 68590 Thannenkirch, France",4.7,215.0,48.2316815,7.302183
Chateau du Haut Koenigsbourg,Les Bougainvilliers,"19 Rue du Chemin Vieux, 67600 Kintzheim, France",4.6,28.0,48.2519575,7.396075799999999
Chateau du Haut Koenigsbourg,"Le Clos des Sources, Hôtel, Restaurant et Spa en Alsace","2 Rue de Rodern, 68590 Thannenkirch, France",4.5,2480.0,48.230855,7.302186
Chateau du Haut Koenigsbourg,Hôtel Restaurant Schlossberg,"59a Rue de la Fontaine, 68340 Zellenberg, France",4.2,184.0,48.1680005,7.318995999999999
Chateau du Haut Koenigsbourg,Domaine Jean Sipp,"60 Rue de la Fraternité, 68150 Ribeauvillé, France",4.5,214.0,48.1943142,7.314279499999999
Colmar,Hôtel Le Maréchal,"4 Pl. des 6 Montagnes Noires, 68000 Colmar, France",4.5,898.0,48.073718,7.356871000000001
Colmar,Novotel Suites Colmar Centre,"27 Rue Bartholdi, 68000 Colmar, France",4.7,1449.0,48.0716007,7.360250100000001
Colmar,Mercure Colmar Centre Unterlinden,"15 Rue Golbéry, 68000 Colmar, France",4.2,1244.0,48.080994499999996,7.3571781000000005
Colmar,La Maison des Têtes - Relais & Châteaux - Hôtel Colmar & Restaurants,"19 Rue des Têtes, 68000 Colmar, France",4.5,701.0,48.0784935,7.355634599999999
Colmar,Logis Hôtel Saint-Martin,"38 Grand Rue, 68000 Colmar, France",4.2,849.0,48.0764298,7.3593136999999995
Colmar,Hôtel Maison Turenne,"10 Rte de Bâle, 68000 Colmar, France",4.5,1917.0,48.0718934,7.3605738999999994
Colmar,Au Nid de Cigognes,"2 Rue de Colmar, 68150 Ostheim, France",4.4,1409.0,48.159080499999995,7.3710965999999996
Colmar,Grand Hôtel Bristol by Stay Collection,"7 Pl. de la Gare, 68000 Colmar, France",3.9,1264.0,48.072432,7.347549000000001
Colmar,ibis Colmar Centre,"10 Rue Saint-Eloi, 68000 Colmar, France",4.2,1672.0,48.0791586,7.363506
Colmar,Logis Hôtel Beauséjour Colmar,"25 Rue du Ladhof, 68000 Colmar, France",4.3,537.0,48.0840797,7.3659643
Colmar,Colmar Hotel,"14 Rte de Rouffach, 68000 Colmar, France",4.8,1918.0,48.0706667,7.346269399999999
Colmar,Hotel Primo Colmar Centre,"5 Rue des Ancêtres, 68000 Colmar, France",2.9,1635.0,48.0814495,7.357208799999999
Colmar,James Boutique Hôtel · Colmar Centre,"15 Rue Saint-Eloi, 68000 Colmar, France",4.7,574.0,48.0793803,7.3644428
Colmar,Colombier Suites - Design Hôtel,"12 Rue de la Poissonnerie, 68000 Colmar, France",4.4,459.0,48.0740547,7.3582901000000005
Colmar,Hôtel ibis Styles Colmar Centre,"11 Bd du Champ de Mars, 68000 Colmar, France",4.4,1210.0,48.076730000000005,7.355311899999999
Colmar,Contact Hotel Arc En Ciel Colmar,"38 Rte de Selestat, 68000 Colmar, France",4.3,1250.0,48.0874528,7.360858899999998
Colmar,"Hôtel l'Europe Colmar, BW Signature Collection, by Best Western","15 Rte de Neuf-Brisach, 68180 Horbourg-Wihr, France",4.4,1015.0,48.077271499999995,7.4038736
Colmar,L'Esquisse Hotel and Spa Colmar - MGallery,"2 Av. de la Marne, 68000 Colmar, France",4.7,1019.0,48.0755233,7.3535308
Colmar,Hôtel ibis budget Colmar Centre Ville,"15 Rue Stanislas, 68000 Colmar, France",3.7,2237.0,48.079631899999995,7.352178099999999
Colmar,Appart'hôtel Odalys City Colmar Centre,"15 Av. d'Alsace, 68000 Colmar, France",4.0,1556.0,48.0788662,7.3653422
Eguisheim,Hotel Auberge Alsacienne,"12 Grand-Rue, 68420 Eguisheim, France",4.6,587.0,48.042324099999995,7.3092994
Eguisheim,Hotel & Spa Husseren Collections,"Rue du Schlossberg, 68420 Husseren-les-Châteaux, France",4.6,1762.0,48.034616299999996,7.2763949000000006
Eguisheim,La Ferme Du Pape,"10 Grand-Rue, 68420 Eguisheim, France",4.2,2503.0,48.0422641,7.3095731
Eguisheim,Hostellerie Du Château,"2 Pl. du Château Saint-Léon, 68420 Eguisheim, France",4.6,163.0,48.042491299999995,7.3063317
Eguisheim,James Vignoble Hotel Eguisheim,"6 Rue des Trois Pierres, 68420 Eguisheim, France",4.5,755.0,48.044844000000005,7.3020289
Eguisheim,"Le Hameau d'Eguisheim, chambres d'hôtes et gîtes de charme chez le vigneron","33 Grand-Rue, 68420 Eguisheim, France",4.8,141.0,48.0424711,7.3071465
Eguisheim,Hotel des Deux Clefs,"3 Rue du Conseil, 68230 Turckheim, France",4.6,1075.0,48.087166599999996,7.277791700000001
Eguisheim,Auberge Du Rempart,"3 Rue du Rempart S, 68420 Eguisheim, France",4.5,675.0,48.0421197,7.3074172
Eguisheim,Logis Hôtel Au Soleil,"20 Rue Sainte-Gertrude, 68920 Wettolsheim, France",4.7,108.0,48.0592416,7.2984584
Eguisheim,Les chambres d'hôtes du domaine Joseph FREUDENREICH,"3 Cr Unterlinden, 68420 Eguisheim, France",4.9,70.0,48.0430746,7.307214200000001
Eguisheim,Hôtel-restaurant l'Ange,"125 Rue des Trois Épis, 68230 Niedermorschwihr, France",4.6,235.0,48.0997888,7.274115500000001
Eguisheim,Auberge des Trois Châteaux hotel-restaurant,"26 Grand-Rue, 68420 Eguisheim, France",4.5,549.0,48.043055599999995,7.305833300000001
Eguisheim,Vins Weck François,"23 Rue des Forgerons, 68420 Gueberschwihr, France",4.9,173.0,48.004511699999995,7.278752600000001
Eguisheim,Ide'Alsace,"91 Rue du Rempart S, 68420 Eguisheim, France",5.0,16.0,48.042860499999996,7.304274500000001
Eguisheim,Résidence du Rempart,"30 Rue du Rempart S, 68420 Eguisheim, France",5.0,1.0,48.042696799999995,7.304471599999999
Eguisheim,Chambres d'Hôtes ou Studio - le Relais du vigneron,"4 Rue des 3 Châteaux, 68420 Eguisheim, France",5.0,2.0,48.043025899999996,7.3039607
Eguisheim,Gîte Les Ambrades L'Oriel du Rempart Nord,"23 Rue du Rempart N, 68420 Eguisheim, France",5.0,4.0,48.043747499999995,7.3055954000000005
Eguisheim,Relais du vigneron Eguisheim (Alsace) - Gîte au pied des vignes,"12 Rue des 3 Châteaux, 68420 Eguisheim, France",4.8,48.0,48.042744,7.3033767
Eguisheim,Logis Hôtel Colmar Vignes,"2 Rue des 3 Châteaux, 68420 Eguisheim, France",4.7,366.0,48.043236199999996,7.304069600000001
Eguisheim,Fleur de vigne Eguisheim,"7 Rue du Tokay, 68420 Eguisheim, France",5.0,10.0,48.0460892,7.305238
Besancon,Hôtel Le Sauvage,"6 Rue du Chapitre, 25000 Besançon, France",4.5,527.0,47.2317385,6.0276691
Besancon,Best Western Citadelle,"13 Rue du Général Lecourbe, 25000 Besançon, France",4.2,733.0,47.2315409,6.0265755
Besancon,Hôtel de Paris,"33 Rue des Granges, 25000 Besançon, France",4.5,652.0,47.2387245,6.025514299999999
Besancon,Hôtel Du Nord,"8 Rue Moncey, 25000 Besançon, France",4.3,326.0,47.237282699999994,6.0259958
Besancon,Hôtel Vauban,"9 Quai Vauban, 25000 Besançon, France",4.5,342.0,47.239832899999996,6.0214305
Besancon,Hotel ibis Besançon Centre Ville,"21 Rue Gambetta, 25000 Besançon, France",4.4,854.0,47.2405129,6.0258721
Besancon,ibis budget Besançon Centre Gare,"5 Av. du Maréchal Foch, 25000 Besançon, France",3.7,875.0,47.2467125,6.023143699999999
Besancon,Hotel F1,"1 Rue Pierre Rubens, 25000 Besançon, France",2.4,826.0,47.2185294,5.9816892
Besancon,Hotel ibis budget Besancon Nord,"1 Rue de la Poste, 25480 Besancon, France",2.8,736.0,47.278113399999995,5.9943127
Besancon,Hôtel Regina,"91 Grande Rue, 25000 Besançon, France",4.0,162.0,47.2368107,6.0258875
Besancon,B&B HOTEL Besançon Chateaufarine,"Rue Clément Marot, 25000 Besançon, France",4.0,1582.0,47.2200856,5.9554545
Besancon,Première Classe Besançon,"7 Rte d'Epinal, 25480 École-Valentin, France",3.4,809.0,47.270876,5.998367
Besancon,B&B HOTEL Besançon Valentin,"3 Chem. des Trois Croix, 25480 Miserey-Salines, France",4.5,410.0,47.280471399999996,5.987365
Besancon,Hôtel Mercure Besançon Parc Micaud,"3 Av. Edouard Droz, 25000 Besançon, France",3.5,1122.0,47.242460799999996,6.0319667
Besancon,Logis Hôtel & Spa Hugo,"6 Rue de la Viotte Besançon centre, 25000 Besançon, France",4.3,491.0,47.2471548,6.0236081
Besancon,Hôtel Ibis Styles Besançon,"22 Bis Rue de Trey, 25000 Besançon, France",4.0,1937.0,47.254059,6.0210136
Besancon,Château de la Dame Blanche,"1 Chem. de la Goulotte, 25870 Geneuille, France",4.3,640.0,47.3315221,5.9699079
Besancon,Hôtel Restaurant Campanile Besançon Ecole Valentin,"1 Rue de Châtillon, 25048 Besançon, France",3.6,865.0,47.2778892,5.9929876
Besancon,Brit Hotel Besançon L'Horloge,"1 Rte de Marchaux, 25000 Besançon, France",3.6,517.0,47.263395499999994,6.0512352
Besancon,Hôtel Ibis Besançon La City,"1 Av. Louise Michel, 25000 Besançon, France",3.9,1295.0,47.2353435,6.0149341
Dijon,B&B HOTEL Dijon Centre,"5 Rue du Château, 21000 Dijon, France",4.0,2184.0,47.3228608,5.0368583
Dijon,Grand Hôtel La Cloche Dijon - MGallery Collection,"14 Pl. Darcy, 21000 Dijon, France",4.5,2194.0,47.3242853,5.0338313999999995
Dijon,Hôtel des Ducs,"5 Rue Lamonnoye, 21000 Dijon, France",4.6,2183.0,47.321545099999994,5.0436795
Dijon,Hôtel Oceania Le Jura Dijon,"14 Av. Maréchal Foch, 21000 Dijon, France",4.6,1404.0,47.3236468,5.0302715
Dijon,Mama Shelter Dijon,"8 Rue Dr Maret, 21000 Dijon, France",4.3,1860.0,47.322238899999995,5.034005700000001
Dijon,Hotel ibis Styles Dijon Central,"3 Pl. Grangier, 21000 Dijon, France",4.2,1408.0,47.3230775,5.0373621
Dijon,hotelF1 Dijon Nord,"Village Auto, Zae Cap Nord, 3 Rue des Ardennes, 21000 Dijon, France",3.3,1102.0,47.350989399999996,5.06875
Dijon,B&B HOTEL Dijon Nord Zénith,"1 Rue des Ardennes, 21000 Dijon, France",3.9,2017.0,47.350846,5.0690878
Dijon,Holiday Inn Dijon by IHG,"Parc de la Toison d'Or, 1 Place Marie De Bourgogne, 21000 Dijon, France",4.1,1650.0,47.355513200000004,5.0513729
Dijon,Hôtel Vertigo,"3 Rue Devosge, 21000 Dijon, France",4.1,897.0,47.324357199999994,5.0343368
Dijon,Hotel des Halles,"8 Rue Montigny, 21000 Dijon, France",4.3,590.0,47.3255451,5.0369041999999995
Dijon,B&B HOTEL Dijon Valmy Toison d'Or,"19 bis Av. Françoise Giroud, 21000 Dijon, France",4.3,663.0,47.3592941,5.054697
Dijon,Hôtel Mercure Dijon Centre Clémenceau,"22 Bd de la Marne, 21000 Dijon, France",4.3,1685.0,47.327995099999995,5.0510874999999995
Dijon,Ibis Budget Dijon Saint Apollinaire,"Rue des Longenes, 21850 Saint-Apollinaire, France",4.0,1507.0,47.3296013,5.0772277
Dijon,Aloft by Marriott Dijon,"8 Pl. Grangier, 21000 Dijon, France",4.3,293.0,47.3235592,5.037107
Dijon,Aparthotel Adagio access Dijon République,"33 Rue de Mulhouse, 21000 Dijon, France",4.4,989.0,47.3257176,5.049358
Dijon,B&B HOTEL Dijon Marsannay,"Av. Jean Moulin, 21160 Marsannay-la-Côte, France",4.3,4003.0,47.2788584,5.015614500000001
Dijon,Première Classe Dijon,"6 Rue des Ardennes, 21000 Dijon, France",3.4,1138.0,47.351893999999994,5.069373
Dijon,NOMAD Hotel Dijon,"30 Rue des Perrières, 21000 Dijon, France",4.6,366.0,47.3245398,5.027614799999999
Dijon,ibis Styles Dijon Sud Domaine de Beauregard,"9 Rue de Beauregard, 21600 Longvic, France",4.6,989.0,47.2712387,5.0430622
Annecy,Hôtel Le Bel Abri,"5 Av. de Chavoires, 74940 Annecy, France",4.3,936.0,45.905459099999995,6.1593979
Annecy,ibis Annecy Centre Vieille Ville,"Ilôt De La Manufacture, 12 Rue de la Gare, 74000 Annecy, France",4.3,2018.0,45.898379399999996,6.1225931
Annecy,Hôtel Campanile Annecy Centre Gare,"37 Rue Vaugelas, 74000 Annecy, France",4.0,977.0,45.9010569,6.1226614999999995
Annecy,"Hôtel Les Trésoms, Lake and Spa Resort","15 Bd de la Corniche, 74000 Annecy, France",4.2,2013.0,45.8896159,6.136970000000001
Annecy,ACE Hôtel Annecy,"8 Bd du Semnoz, 74600 SEYNOD, France",4.2,1450.0,45.8805556,6.0966667
Annecy,Logis - Hôtel Restaurant Bellevue Annecy,"90 Av. de Genève, 74000 Annecy, France",4.3,493.0,45.9193391,6.1241632
Annecy,Hôtel Impérial Palace Annecy,"1 All. de l'Impérial Entrée centrale, 74000 Annecy, France",4.4,5103.0,45.903728199999996,6.1446627
Annecy,Hotel du Palais de l'Isle Annecy,"13 Rue Perrière, 74000 Annecy, France",4.2,936.0,45.898181799999996,6.1275203
Annecy,B&B HOTEL Annecy Argonay,"50 Imp. de la Lécherte, 74370 Argonay, France",4.1,1960.0,45.943441899999996,6.1298512
Annecy,ibis Styles Annecy Gare Centre,"1 Pl. de la Mandallaz, 74000 Annecy, France",4.1,1133.0,45.899127899999996,6.1144371
Annecy,Hôtel ibis budget,"159 Route De Closon, 74330 Poisy, France",4.0,1040.0,45.920472499999995,6.0840971999999995
Annecy,Hôtel Le Pélican,"20 Rue des Marquisats, 74000 Annecy, France",4.6,1407.0,45.895666999999996,6.1323251
Annecy,Rivage Hôtel & Spa Annecy,"33 Av. du Petit Port, 74940 Annecy, France",4.5,2686.0,45.9059788,6.151998000000001
Annecy,"Hôtel Beauregard, The Originals Relais","691 Rte d'Albertville, 74320 Sevrier, France",4.3,1344.0,45.877184,6.142193
Annecy,Atipik Hôtel Annecy,"19 Rue Vaugelas, 74000 Annecy, France",4.5,952.0,45.9013523,6.1250816
Annecy,Hôtel Le Belvédère,"7 Chem. du Belvédère, 74000 Annecy, France",4.4,77.0,45.8920638,6.1332612
Annecy,Première Classe Annecy Cran Gevrier,"8 Bis Rte des Creuses, 74960 Annecy, France",3.0,1167.0,45.894942,6.1095429999999995
Annecy,Aparthotel Adagio Annecy Centre,"2 Pl. Marie Curie, 74000 Annecy, France",4.3,1548.0,45.9032717,6.1227031
Annecy,Hôtel Mercure Annecy Sud,"Av. d'Aix-les-Bains Bp 62, 74600 Seynod Cedex 02, France",4.0,1013.0,45.8892266,6.1063304
Annecy,Novotel Annecy Centre Hôtel,"1 Place Marie Curie, 1 Av. Berthollet, 74000 Annecy, France",4.0,2051.0,45.902794799999995,6.1223182
Grenoble,Novotel Grenoble Centre,"7 Pl. Robert Schuman, 38000 Grenoble, France",4.0,1061.0,45.1907852,5.7131604
Grenoble,Hôtel Mercure Grenoble Centre Porte des Alpes,"11 Rue Général Mangin, 38100 Grenoble, France",4.2,1263.0,45.17861990000001,5.720148399999999
Grenoble,OKKO Hotels Grenoble Centre,"23 Rue Hoche, 38000 Grenoble, France",4.3,1124.0,45.1849346,5.7262612
Grenoble,Le Grand Hôtel de Grenoble BW Premier Collection by Best Western - Hôtel 4 Etoiles,"5 Rue de la République, 38000 Grenoble, France",4.3,559.0,45.1908812,5.7284555
Grenoble,B&B HOTEL Grenoble Centre Alpexpo,"31 Av. de l'Europe, 38100 Grenoble, France",3.7,1562.0,45.1588395,5.7345701
Grenoble,Kyriad Grenoble Centre,"116 Cours de la Libération, 38100 Grenoble, France",4.0,669.0,45.168222,5.711929
Grenoble,B&B HOTEL Grenoble Centre Verlaine,"1 Av. Paul Verlaine, 38100 Grenoble, France",3.6,1130.0,45.1618719,5.7147858
Grenoble,Hôtel d'Angleterre Grenoble Hyper-Centre,"5 Pl. Victor Hugo, 38000 Grenoble, France",4.0,434.0,45.189178999999996,5.725420199999999
Grenoble,Mercure Grenoble Centre Alpotel,"12 Bd Maréchal Joffre, 38000 Grenoble, France",4.2,965.0,45.183344999999996,5.7296768
Grenoble,ibis budget Grenoble Sud,"2 Rue du Dr Schweitzer, 38180 Seyssins, France",3.5,1140.0,45.1588785,5.6976862
Grenoble,ibis Grenoble Centre Bastille,"5, Rue De Miribel, Les Trois Dauphins, Rue Félix Poulat, 38000 Grenoble, France",3.9,751.0,45.1904183,5.7259964000000005
Grenoble,Aparthotel Adagio Grenoble Centre,"6 Rue Auguste Génin, 38000 Grenoble, France",3.7,725.0,45.189594199999995,5.712056
Grenoble,RockyPop Grenoble,"7 Rue de Strasbourg, 38000 Grenoble, France",4.2,807.0,45.1870216,5.7311439
Grenoble,Hôtel de l'Europe Grenoble Hyper-Centre,"22 Pl. Grenette, 38000 Grenoble, France",4.3,240.0,45.1903983,5.727216299999999
Grenoble,ibis styles Gare,"25 Av. Félix Viallet, 38000 Grenoble, France",4.0,622.0,45.1908204,5.7195966
Grenoble,Residhotel Grenette,"12 Rue de Palanka, 38000 Grenoble, France",3.9,1379.0,45.1905419,5.7244459
Grenoble,Maison Barbillon Hôtel Grenoble - Centre Gare,"10 Rue Louis Barbillion, 38000 Grenoble, France",4.5,476.0,45.1907899,5.7165680000000005
Grenoble,Hôtel-restaurant Campanile Grenoble Nord,"29 Rue René Cassin, 38120 Saint-Égrève, France",3.3,483.0,45.216186,5.683438
Grenoble,Hôtel Mercure Grenoble Meylan,"34 Av. de Verdun, 38240 Meylan, France",4.2,645.0,45.2020688,5.7590826
Grenoble,Appart Hôtel - Residhome Grenoble Caserne de Bonne,"21 Rue Lazare Carnot, 38100 Grenoble, France",3.8,686.0,45.183417,5.7245025
Lyon,Lyon Marriott Hôtel Cité Internationale,"70 Quai Charles de Gaulle, 69463 Lyon, France",4.2,1933.0,45.7848313,4.852896599999999
Lyon,Hôtel des Artistes,"8 Rue Gaspard André, Pl. des Célestins, 69002 Lyon, France",4.6,929.0,45.759695199999996,4.8312218
Lyon,Hôtel des Célestins,"4 Rue des Archers, 69002 Lyon, France",4.4,385.0,45.7595168,4.8324524
Lyon,Hôtel Première Classe Lyon Centre - Gare Part Dieu,"75 Bd Marius Vivier Merle, 69003 Lyon, France",3.6,2393.0,45.756070699999995,4.859252
Lyon,Hôtel Mercure Lyon Centre Beaux Arts,"73-75 Rue du Président Édouard Herriot, 69002 Lyon, France",4.4,1469.0,45.7609341,4.8343168
Lyon,Novotel Lyon Gerland Musée des Confluences,"70 Av. Leclerc, 69007 Lyon, France",4.2,4486.0,45.733107499999996,4.8236209
Lyon,MEININGER Hotel Lyon Centre Berthelot,"7 Rue Professeur Zimmermann, 69007 Lyon, France",4.5,3994.0,45.746082699999995,4.8371866
Lyon,Hôtel ibis,"28 Cr de Verdun Perrache, 69002 Lyon, France",4.3,1669.0,45.748438,4.828123
Lyon,ibis Styles Lyon Centre - Gare Part-Dieu,"54 Rue de la Villette, 69003 Lyon, France",4.2,1479.0,45.759316399999996,4.8613918
Lyon,Pullman Lyon,"14 Pl. Charles Béraudier, 69003 Lyon, France",4.8,3146.0,45.759667,4.858572
Lyon,Hôtel La Résidence | Place Bellecour | Lyon,"18 Rue Victor Hugo, 69002 Lyon, France",4.0,745.0,45.7552514,4.8302803
Lyon,Hôtel des Remparts,"19 Pl. Carnot, 69002 Lyon, France",4.2,1483.0,45.750547999999995,4.826322
Lyon,Hôtel Mercure Lyon Centre Saxe Lafayette,"29 Rue de Bonnel, 69003 Lyon, France",4.3,2507.0,45.7617371,4.8459843000000005
Lyon,B&B HOTEL Lyon Vénissieux,"8 All. des Savoies, 69200 Vénissieux, France",3.5,1877.0,45.716487799999996,4.8570611
Lyon,Hôtel Ibis Lyon Caluire Cité Internationale,"Zac Saint Clair, 9 Av. de Poumeyrol, 69300 Caluire-et-Cuire, France",3.9,984.0,45.7897965,4.8598227
Lyon,Hôtel Chromatics by HappyCulture,"12 Rue Marc-Antoine Petit, 69002 Lyon, France",4.1,3192.0,45.7445965,4.8258091
Lyon,OKKO Hotels Lyon Centre,"14 Bis Quai du Général Sarrail, 69006 Lyon, France",4.5,1407.0,45.7646272,4.8418567
Lyon,Grand Hôtel Des Terreaux,"16 Rue Lanterne, 69001 Lyon, France",4.2,821.0,45.76633400000001,4.8316669999999995
Lyon,B&B HOTEL Lyon Centre Part-Dieu Gambetta,"93 Cr Gambetta, 69003 Lyon, France",3.9,4273.0,45.7512835,4.8553216
Lyon,MOB HOTEL Lyon Confluence,"55 Quai Rambaud, 69002 Lyon, France",4.1,2616.0,45.7344292,4.8160715
Gorges du Verdon,Hôtel & Spa des Gorges du Verdon,"50 Chem. de Boulogne, 04120 La Palud-sur-Verdon, France",4.2,469.0,43.7752561,6.3443579
Gorges du Verdon,Hôtel le Panoramic - Gorges du Verdon,"615 Rte de Moustiers, 04120 La Palud-sur-Verdon, France",4.5,552.0,43.7749633,6.3330492
Gorges du Verdon,Logis Hôtel du Grand Canyon du Verdon,"Route Départementale 971, 83630 Aiguines, France",3.7,584.0,43.7371738,6.345459099999999
Gorges du Verdon,Hôtel SPA L'Ermitage,"Carrefour, Farruou, 83630 Les Salles-sur-Verdon, France",4.1,898.0,43.774091299999995,6.217423999999999
Gorges du Verdon,Hotel Le Provence - Restaurant Le Styx,"95 Route de la Maline, 04120 La Palud-sur-Verdon, France",4.4,908.0,43.7792251,6.341011
Gorges du Verdon,Le Moulin du Château,"99 chemin d'Albiosc, 04500 Saint-Laurent-du-Verdon, France",4.8,457.0,43.725864,6.067686
Gorges du Verdon,Auberge du Point Sublime Gorges du Verdon,"RD 952 lieu dit ""le Point, Sublime, 04120 Rougon, France",4.2,528.0,43.7941797,6.3986734
Gorges du Verdon,Hôtel Clos des Iris,"Chem. de Quinson, 04360 Moustiers-Sainte-Marie, France",4.8,203.0,43.842833299999995,6.218333299999999
Gorges du Verdon,Château de Trigance,"1400 Route de Breis, 83840 Trigance, France",4.7,680.0,43.7619663,6.444198000000001
Gorges du Verdon,Gabrielle hôtel,"35 Grand Rue, 83630 Aiguines, France",4.1,464.0,43.7763426,6.242544499999999
Gorges du Verdon,Hôtel Le Colombier,"166 Rte de la Palud, 04360 Moustiers-Sainte-Marie, France",4.8,528.0,43.840373899999996,6.2203832
Gorges du Verdon,Les Restanques de Moustiers,"179 Rte de la Palud, 04360 Moustiers-Sainte-Marie, France",4.7,300.0,43.840130099999996,6.2224426
Gorges du Verdon,Hôtel de la Ferme Rose,"Chem. de Peyrengue, 04360 Moustiers-Sainte-Marie, France",4.8,201.0,43.83905740000001,6.2136021999999995
Gorges du Verdon,Logis Hôtel Grand Hôtel Bain,"1 Rue de Praguillen, 83840 Comps-sur-Artuby, France",4.3,397.0,43.709990499999996,6.5080952
Gorges du Verdon,Le vieux château,"4 Pl. de la Fontaine, 83630 Aiguines, France",3.7,743.0,43.775591,6.243403
Gorges du Verdon,Les Canyons du Verdon,"Bd Saint-Michel, 04120 Castellane, France",4.1,341.0,43.849323399999996,6.5087101
Gorges du Verdon,Logis Hôtel le Vieil Amandier,"Montée de Saint-Roch, 83840 Trigance, France",4.6,133.0,43.7609421,6.443006700000001
Gorges du Verdon,Hostel du Canyon (Auberge collective),"25 Chem. de Boulogne, 04120 La Palud-sur-Verdon, France",4.8,50.0,43.775459600000005,6.3416041
Gorges du Verdon,Hôtel Restaurant l'Auberge des Salles,"18 Rue Sainte-Catherine, 83630 Les Salles-sur-Verdon, France",4.5,695.0,43.77231,6.208136
Gorges du Verdon,Auberge des Crêtes,"Rte de Castellane, 04120 La Palud-sur-Verdon, France",3.7,572.0,43.7799371,6.3559106
Bormes les Mimosas,Eden Rose Grand Hôtel - Bormes-les-Mimosas,"167 Rte du Baguier, 83230 Bormes-les-Mimosas, France",4.6,515.0,43.1527252,6.3428397
Bormes les Mimosas,L'Auberge du DOM,"L'Auberge du DOM, 1026 Rte du Dom, 83230 Bormes-les-Mimosas, France",4.7,23.0,43.1785942,6.337272
Bormes les Mimosas,Hôtel De la Plage HDLP,"352 Bd de la Plage, 83230 Bormes-les-Mimosas, France",4.7,527.0,43.1245671,6.3575439
Bormes les Mimosas,Hotel Restaurant : Le Mirage,"38 Rue de la Vue des Îles, 83230 Bormes-les-Mimosas, France",4.6,358.0,43.1442413,6.3517098
Bormes les Mimosas,Hôtel Les Jardins de Bormes,"5478 Av. lou Mistraou, 83230 Bormes-les-Mimosas, France",4.6,411.0,43.149166699999995,6.303333299999999
Bormes les Mimosas,Auberge de la Calanque,"62 Av. du Général de Gaulle, 83980 Le Lavandou, France",4.3,206.0,43.138613500000005,6.3728605
Bormes les Mimosas,Hostellerie du Cigalou Bormes-les-Mimosas,"Pl. Gambetta, 83230 Bormes-les-Mimosas, France",4.1,239.0,43.152041,6.343448
Bormes les Mimosas,Hôtel La Voile,"165 Av. des Girelles, 83230 Bormes-les-Mimosas, France",4.1,404.0,43.125693999999996,6.357854
Bormes les Mimosas,Hôtel l'ESPADON BLEU,"2 Pl. Ernest Reyer, 83980 Le Lavandou, France",4.4,258.0,43.1381187,6.3690123
Bormes les Mimosas,Les Terrasses de Lô,"125 Rue Lei Roucas où Souleou, 83230 Bormes-les-Mimosas, France",5.0,6.0,43.143885,6.353536
Bormes les Mimosas,Hôtel de la Plage,"14 Av. des 3 Dauphins, 83980 Le Lavandou, France",4.5,290.0,43.149648,6.401615500000001
Bormes les Mimosas,Home Stay Bormes,"322 Rue des Icares, 83230 Bormes-les-Mimosas, France",4.9,47.0,43.146462299999996,6.3279005
Bormes les Mimosas,Hôtel Bellevue,"14 Pl. Gambetta, 83230 Bormes-les-Mimosas, France",2.4,708.0,43.1517808,6.3431356
Bormes les Mimosas,VILLA NAIS B&B Chambres d hotes PISCINE ET PADEL BORMES / LE LAVANDOU,"1568 Rte de Martegasse, 83230 Bormes-les-Mimosas, France",4.9,54.0,43.1605335,6.3213346
Bormes les Mimosas,Hotel Les Palmiers,"240 Chem. du Petit Fort, 83230 Bormes-les-Mimosas, France",4.3,76.0,43.102710699999996,6.327384899999999
Bormes les Mimosas,Relais du Vieux Sauvaire,"Route des Crêtes Vieux Sauvaire, Corniche de la pierre d'Avenoun, 83980 Le Lavandou, France",4.5,135.0,43.173502299999996,6.43297
Bormes les Mimosas,Anglade-hôtel,"10 Av. du Général de Gaulle, 83980 Le Lavandou, France",4.6,378.0,43.137907899999995,6.3679011999999995
Bormes les Mimosas,Le Petit Atelier,"34 Chem. de la Bergerie, 83230 Bormes-les-Mimosas, France",4.9,17.0,43.142486,6.3492432999999995
Bormes les Mimosas,Hôtel de la Fossette - Le Lavandou,"14/16, Av. du Capitaine Thorel, 83980 Le Lavandou, France",4.7,172.0,43.146740699999995,6.3950309
Bormes les Mimosas,"Village vacances Cévéo de Bormes-les-Mimosas "" La Manne""","1329 Rte de Cabasson, 83230 Bormes-les-Mimosas, France",3.8,668.0,43.1290675,6.3375363
Cassis,Best Western Plus Hôtel La Rade,"1 Av. des Dardanelles, 13260 Cassis, France",4.2,594.0,43.2150141,5.5336951
Cassis,Best Western Hôtel & SPA Coeur de Cassis.,"2 Rue Pierre Eydin, 13260 Cassis, France",4.3,382.0,43.214577399999996,5.5401666999999994
Cassis,Le Jardin d'Emile,"23 Av. de l'Amiral Ganteaume, 13260 Cassis, France",4.3,127.0,43.2134593,5.530824399999999
Cassis,Hotel de la Plage Mahogany,"19 Av. de l'Amiral Ganteaume, 13260 Cassis, France",3.9,446.0,43.2134321,5.5311821
Cassis,"The Originals Boutique, Hôtel Cassitel, Cassis Port","3 Pl. Georges Clemenceau, 13260 Cassis, France",3.7,480.0,43.2136843,5.5389781
Cassis,Hôtel Les Jardins de Cassis,"Av. Auguste Favier, 13260 Cassis, France",4.1,542.0,43.2219506,5.5430763
Cassis,Hôtel Les Roches Blanches,"9 Av. des Calanques, 13260 Cassis, France",4.0,548.0,43.211709899999995,5.5295488
Cassis,LES VOLETS ROUGES - Hôtel Cassis - Situé dans le Parc National des Calanques,"D559 Rte de la Gineste, 13260 Cassis, France",4.4,507.0,43.2346673,5.5119850999999995
Cassis,Domaine de Canaille,"126 Chem. du Revestel, 13260 Cassis, France",5.0,331.0,43.2083057,5.5516993999999995
Cassis,Hotel des Calanques,"8 Rue de l'Arène, 13260 Cassis, France",3.1,270.0,43.2136115,5.539561300000001
Cassis,Château de Cassis,"Chem. des Lombards, 13260 Cassis, France",4.4,217.0,43.2123347,5.539347299999999
Cassis,HOTEL BY REBOUL - Boutique Hôtel Port de Cassis,"7 Av. Victor Hugo, 13260 Cassis, France",4.0,224.0,43.2142858,5.5384525
Cassis,Chambre d'hôtes Aquarius in Cassis,"22 Imp. des Brayes, 13260 Cassis, France",4.9,76.0,43.222357699999996,5.5345645999999995
Cassis,Hôtel Liautaud Cassis,"Rue Marcel Barthélémy, 13260 Cassis, France",4.3,267.0,43.2140007,5.5384614999999995
Cassis,Le Clos du petit Jesus : Bed and breakfast Cassis,"4 Av. de Provence, 13260 Cassis, France",5.0,134.0,43.2149554,5.545041599999999
Cassis,Hôtel Particulier Cassis Parking gratuit Piscine chauffée,"10 Av. Augustin Isnard, 13260 Cassis, France",5.0,1.0,43.2166225,5.5417922
Cassis,Villa Andrea -Chambres d’hôtes à Cassis,"5 Imp. du Pigeonnier, 13260 Cassis, France",4.9,55.0,43.2186222,5.546670199999999
Cassis,Maison°9,"9 Av. du Dr Yves Bourdes, 13260 Cassis, France",4.9,35.0,43.218469899999995,5.5506312
Cassis,Résidence Cap Cassis Calanques Pierre & Vacances,"1461 Rte de Cassis, 13830 Roquefort-la-Bédoule, France",4.4,406.0,43.245474,5.568617
Cassis,Le Golfe,"3 Pl. du Grand Carnot, 13260 Cassis, France",3.7,621.0,43.214596,5.5352514
Marseille,Hôtel Mercure Marseille Canebière Vieux-Port,"48 La Canebière, 13001 Marseille, France",4.3,911.0,43.2966756,5.3791731
Marseille,Grand Hôtel Beauvau- MGallery,"4 Rue Beauvau, 13001 Marseille, France",4.6,1403.0,43.295066899999995,5.3748746999999995
Marseille,Best Western Plus Hôtel La Joliette,"49 Av. Robert Schuman, 13002 Marseille, France",4.1,809.0,43.3037443,5.366523
Marseille,Sofitel Marseille Vieux Port,"36 Bd Charles Livon, 13007 Marseille, France",4.4,2373.0,43.2927715,5.3604033
Marseille,Maisons du Monde Hôtel & Suites - Marseille Vieux-Port,"43 Quai des Belges, 13001 Marseille, France",4.5,716.0,43.294112,5.374683
Marseille,Hôtel La Résidence du Vieux-Port,"18 Quai du Port, 13002 Marseille, France",4.5,841.0,43.296597299999995,5.3727303
Marseille,Hôtel Carré Vieux Port Marseille,"6 Rue Beauvau, 13001 Marseille, France",4.3,1581.0,43.2949293,5.3749535999999996
Marseille,Toyoko Inn Marseille Saint Charles,"25 Av. du Général Leclerc, 13003 Marseille, France",3.9,2611.0,43.3045159,5.374235199999999
Marseille,Hotel Marsiho by HappyCulture,"16 Cr Belsunce, 13001 Marseille, France",4.5,2391.0,43.2973169,5.377552
Marseille,Hôtel Amoi Vieux-Port Marseille,"26 Rue Breteuil, 13006 Marseille, France",4.7,85.0,43.289850799999996,5.3759316
Marseille,Boutique Hôtel Provencia,"12 Bd Louis Salvator, 13006 Marseille, France",4.7,155.0,43.290870299999995,5.3817883
Marseille,Hôtel ibis Marseille Centre Euromed,"25 Boulevard De Dunkerque, Acces Parking Public Payant Par, Rue des Docks, 13002 Marseille, France",4.1,1940.0,43.308094,5.3676429
Marseille,Mercure Marseille Centre Prado Vélodrome,"11 Av. de Mazargues, 13008 Marseille, France",4.4,1466.0,43.269628999999995,5.3883152999999995
Marseille,Residhotel Le Grand Prado,"7 Sq. des Frères Ambrogiani, 13008 Marseille, France",3.5,2478.0,43.2809443,5.3881967
Marseille,Mama Shelter Marseille,"64 Rue de la Loubière, 13006 Marseille, France",4.2,2945.0,43.290504399999996,5.3888934
Marseille,B&B HOTEL Marseille Parc Chanot,"35 Bd Rabatau, 13008 Marseille, France",3.2,1350.0,43.2746941,5.3934847999999995
Marseille,Ibis Marseille Centre Prefecture,"13 Rue Lafon, 13006 Marseille, France",4.0,2738.0,43.2917268,5.3819795
Marseille,Hôtel Escale Oceania Marseille Vieux Port,"5 La Canebière, 13001 Marseille, France",4.3,841.0,43.29557630000001,5.3747925
Marseille,B&B HOTEL Marseille Centre La Joliette,"52 Rue de Forbin, 13002 Marseille, France",3.6,2204.0,43.3050141,5.3678647
Marseille,Hôtel Ibis Budget Marseille Vieux Port,"46 Rue Sainte, 13001 Marseille, France",3.7,2807.0,43.2922721,5.3736735
Aix en Provence,Hôtel & Restaurant L'Olympe,"2 Chem. des Granges, 13090 Aix-en-Provence, France",4.2,175.0,43.508035799999995,5.439455199999999
Aix en Provence,Hôtel Bellegarde by Viktor,"2 Pl. Bellegarde, 13100 Aix-en-Provence, France",4.7,65.0,43.532085599999995,5.451511099999999
Aix en Provence,Hôtel Aquabella & Spa Aix en Provence,"2 Rue des Étuves, 13100 Aix-en-Provence, France",4.4,2429.0,43.5310625,5.4449065
Aix en Provence,B&B HOTEL Aix-en-Provence Venelles,"102 Av. des Logissons, 13770 Venelles, France",4.4,1344.0,43.5834775,5.474124799999999
Aix en Provence,Adonis Arc hôtel Aix,"40 Av. Henri Malacrida, 13100 Aix-en-Provence, France",3.5,755.0,43.51378020000001,5.4699916
Aix en Provence,Radisson Hotel Aix En Provence,"42 Rte de Galice, 13090 Aix-en-Provence, France",4.2,674.0,43.5287288,5.425771
Aix en Provence,thecamp Hôtel & Lodges,"550 Rue Denis Papin, 13290 Aix-en-Provence, France",4.2,139.0,43.497349799999995,5.342056899999999
Aix en Provence,Grand Hôtel Roi René Aix-en-Provence Centre - MGallery Collection,"24 Bd du Roi René, 13100 Aix-en-Provence, France",4.4,1702.0,43.5235811,5.4494732
Aix en Provence,Appart'hôtel Odalys City Aix en Provence Centre Palais des Congrès,"15 Cr Gambetta, 13100 Aix-en-Provence, France",3.4,1107.0,43.5241372,5.4551832
Aix en Provence,Hôtel Birdy by HappyCulture,"775 Rue Jean René Guillibert Gauthier de la Lauzière, 13290 Aix-en-Provence, France",4.4,1915.0,43.481802599999995,5.3659061999999995
Aix en Provence,Hôtel la Caravelle 3 Etoiles,"29 Bd du Roi René, 13100 Aix-en-Provence, France",4.1,477.0,43.5249069,5.453688
Aix en Provence,Aparthotel Adagio Aix en Provence Centre,"3-5 Rue des Chartreux, 13100 Aix-en-Provence, France",4.4,936.0,43.5290648,5.4409281
Aix en Provence,MAISON DAUPHINE,"14 Rue du 4 Septembre, 13100 Aix-en-Provence, France",4.9,133.0,43.5255355,5.4500065
Aix en Provence,Hôtel le Mozart,"49 Cr Gambetta, 13100 Aix-en-Provence, France",4.3,517.0,43.5222173,5.4583015
Aix en Provence,Hôtel le Concorde,"66/68, Bd du Roi René, 13100 Aix-en-Provence, France",4.0,727.0,43.5244542,5.4537093
Aix en Provence,Best Western Hotel Le Galice Aix en Provence,"5-7 Rte de Galice, 13090 Aix-en-Provence, France",4.0,551.0,43.5284486,5.4343207
Aix en Provence,Hôtel Cardinal,"24 Rue Cardinale, 13100 Aix-en-Provence, France",4.4,257.0,43.5255375,5.4517373
Aix en Provence,"Villa Saint-Ange, Hôtel de Luxe à Aix-en-Provence","7 Traverse St Pierre, 13100 Aix-en-Provence, France",4.5,253.0,43.5229727,5.4578193
Aix en Provence,Hôtel Rotonde,"15 Av. des Belges, 13100 Aix-en-Provence, France",4.0,444.0,43.523944199999995,5.4425208000000005
Aix en Provence,Hôtel Escaletto Aix en Provence,"74 Cr Sextius, 13100 Aix-en-Provence, France",4.4,745.0,43.530195899999995,5.4439747
Avignon,Hotel De Cambis,"89 Rue Joseph Vernet, 84000 Avignon, France",4.7,236.0,43.945274,4.805356
Avignon,Hôtel Ibis Avignon Centre,"12 Bd Saint-Dominique, 84000 Avignon, France",3.8,711.0,43.9435856,4.798451099999999
Avignon,Hôtel Le Colbert AVIGNON,"7 Rue Agricol Perdiguier, 84000 Avignon, France",4.7,169.0,43.9441977,4.8069517
Avignon,Hôtel Mercure Avignon Centre Palais des Papes,"Gps:, Gps, Rue Molière, 84000 Avignon, France",4.1,860.0,43.9498579,4.8058143
Avignon,Hôtel Mercure Pont d'Avignon Centre,"2, Rue Ferruce, Palais des Papes, Gps Parking: Parking, Bd de la Ligne, 84000 Avignon, France",4.1,856.0,43.952087,4.805768
Avignon,Novotel Avignon Centre,"20 Bd Saint-Roch, 84000 Avignon, France",4.1,1817.0,43.942675,4.8023647
Avignon,Hôtel La Mirande,"4 Pl. de l'Amirande, 84000 Avignon, France",4.5,565.0,43.950058,4.8077516
Avignon,Hotel Mignon,"12 Rue Joseph Vernet, 84000 Avignon, France",4.0,276.0,43.9497832,4.803807
Avignon,AU SAINT ROCH Hôtel et Jardin,"9 Rue Paul Mérindol, 84000 Avignon, France",4.2,257.0,43.942913999999995,4.7980326
Avignon,Hôtel Le Magnan,"63 Rue du Portail Magnanen, 84000 Avignon, France",4.3,496.0,43.943666900000004,4.8122026
Avignon,Hôtel IBIS Avignon Sud,"71 Chem. de la Cristole, 84140 Avignon, France",3.9,1420.0,43.925833399999995,4.8493767
Avignon,Apart'Hotel Sainte-Marthe,"6a Rte de Lyon, 84000 Avignon, France",3.8,1112.0,43.9500077,4.8201297
Avignon,Hôtel Médiéval,"15 Rue Petite Saunerie, 84000 Avignon, France",4.0,297.0,43.949330499999995,4.8094013
Avignon,Hôtel de l'atelier,"5 Rue de la Foire, 30400 Villeneuve-lès-Avignon, France",4.8,342.0,43.9631056,4.7979709999999995
Avignon,ibis budget Avignon Centre,"8 Bd Saint-Dominique, 84000 Avignon, France",3.8,2157.0,43.9434873,4.7987142
Avignon,Berne &Michel,"695 Chem. des Broquetons, 84140 Avignon, France",4.9,33.0,43.9277787,4.8859353
Avignon,Logis Hôtel la Ferme,"110 Chem. des Bois, 84000 Avignon, France",4.5,608.0,43.9758262,4.8275403
Avignon,Appart'Hôtel Avignon Résidence Les Cordeliers,"49 Rue du Portail Magnanen, 84000 Avignon, France",3.7,105.0,43.9439753,4.8119683
Avignon,Altera Roma Hôtel Avignon,"13-15 Av. Monclar, 84000 Avignon, France",3.6,180.0,43.940995699999995,4.8066321
Avignon,Avignon Grand Hôtel,"34 Bd Saint-Roch, 84000 Avignon, France",4.0,1336.0,43.942684199999995,4.803372599999999
Uzes,Hôtel Le SAINT-GENIÈS Uzès,"Chemin de Saint Geniès, 15 IMPASSE SAINT GENIES, 30700 Uzès, France",4.8,450.0,44.0233691,4.4191679
Uzes,Château d'Arpaillargues,"Rue du Château, 30700 Arpaillargues-et-Aureillac, France",4.2,656.0,43.9996169,4.3727975
Uzes,"Boutique Hôtel Entraigues - Uzès, Pont du Gard","8 Rue de la Calade, 30700 Uzès, France",4.7,512.0,44.0122864,4.4213942
Uzes,La Maison D'Uzès,"18 Rue du Dr Blanchard, 30700 Uzès, France",4.6,392.0,44.0128906,4.4211219999999996
Uzes,La Maison Des Lauriers,"21 Grand Rue, 30700 Arpaillargues-et-Aureillac, France",4.8,47.0,44.000669099999996,4.3729448
Uzes,Domaine Secret d'Uzès & Spa,"2A Chem. de l'Ancien Réservoir Entrée client, 30190 Aubussargues, France",5.0,47.0,44.00862860000001,4.3244786
Uzes,HOTEL LE PATIO DE VIOLETTE UZES,"8 Chem. de Trinquelaigue, 30700 Uzès, France",4.6,346.0,44.028859499999996,4.4193286
Uzes,"""La maison d'HamiH"" Chambres d'hôtes de charme","1094 Rte de Nîmes, 30700 Uzès, France",4.9,115.0,43.998718499999995,4.4142914
Uzes,LA MAISON D'ULYSSE,"20 Pl. Ulysse Dumas, 30700 Baron, France",4.5,37.0,44.0495148,4.2832967
Uzes,"CÉRÈS - Boutique Hôtel & Spa - Uzès, Pont du Gard","10 Chem. des Pradines, 30700 Saint-Quentin-la-Poterie, France",4.3,159.0,44.046111599999996,4.443357499999999
Uzes,Hôtel La Taverne de Sophie -,"4 Rue Xavier Sigalon rue PIÉTONNE, 30700 Uzès, France",4.6,162.0,44.0139402,4.4198265999999995
Uzes,Le Petit Eden,"81 Rte d'Uzès, 30700 Saint-Quentin-la-Poterie, France",4.9,169.0,44.0417904,4.4432731
Uzes,Le Mas Des Aires,"70 Imp. des Aires, 30700 Blauzac, France",5.0,35.0,43.962333099999995,4.369347299999999
Uzes,Hostellerie Provencale,"1 Rue de la Grande Bourgade, 30700 Uzès, France",4.5,164.0,44.010740999999996,4.41787
Uzes,La Petite Hostellerie,"6 Rue de la Grande Bourgade, 30700 Uzès, France",4.9,15.0,44.0108258,4.4177601
Uzes,Manoir des Sources,"Rte d'Arpaillargues, Quartier Fondfroide, 30700 Uzès, France",4.8,35.0,44.0038036,4.3960226
Uzes,Logis Hôtel Uzès Pont du Gard,"2 bis Rue de l'Émeraude, 30700 Uzès, France",4.1,710.0,44.002265,4.4162199
Uzes,Les 3 Contes - Chambres D'hôtes Uzès,"45 Pl. de l'Hôtel de Ville, 30700 Vallabrix, France",5.0,42.0,44.0607835,4.4774313999999995
Uzes,Le Richelieu - Uzès,"15 Rue de la Petite Bourgade, 30700 Uzès, France",4.7,14.0,44.0100895,4.4180984
Uzes,FLORISSUM Chambres d'hôtes,"312 Castellargues, 30580 Belvézet, France",5.0,86.0,44.0839353,4.3786165
Nimes,Square Hôtel - NIMES,"7 Sq. de la Couronne, 30000 Nîmes, France",4.5,274.0,43.836926399999996,4.3633779
Nimes,Appart'City Collection Nîmes Arènes - Appart Hôtel,"1 Bd de Bruxelles, 30000 Nîmes, France",4.6,790.0,43.834095999999995,4.3627645
Nimes,ibis Nîmes Ouest,"Parc Hotelier, 268 Rue de l'Hostellerie, 30900 Nîmes, France",4.2,1742.0,43.8140432,4.3443368
Nimes,Royal Hôtel Nîmes,"3 Bd Alphonse Daudet, 30000 Nîmes, France",4.2,1678.0,43.838611799999995,4.3549374
Nimes,Hôtel Marquis de la Baume,"21 Rue nationale, 30000 Nîmes, France",4.1,579.0,43.839594899999994,4.3610752999999995
Nimes,Hôtel des Tuileries,"22 Rue Roussy, 30000 Nîmes, France",4.4,221.0,43.8364123,4.3647659
Nimes,Novotel Atria Nîmes Centre Hôtel,"5 Bd de Prague, 30000 Nîmes, France",4.0,1669.0,43.8353938,4.3635139999999994
Nimes,Grand Hôtel de Nîmes - Hôtel 4 Étoiles,"202 Rue Claude Nicolas Ledoux, 30900 Nîmes, France",3.5,1036.0,43.8147527,4.346104599999999
Nimes,Le Pré Galoffre,"3115 Rue de Générac, 30900 Nîmes, France",4.4,561.0,43.788617699999996,4.3539101
Nimes,ibis Styles Nîmes Gare Centre,"19 Allée Boissy D'Anglas, Accès Parking :, 2 Av. du Général Leclerc, 30900 Nîmes, France",4.2,1081.0,43.8316069,4.3669079
Nimes,Margaret - Hôtel Chouleur,"6 Rue Fresque, 30000 Nîmes, France",4.6,332.0,43.8369686,4.3580463
Nimes,Hôtel de l'Amphithéâtre,"4 Rue des Arènes, 30000 Nîmes, France",4.3,199.0,43.8358667,4.3589961
Nimes,Best Western Hôtel L'Orangerie,"755 Rue Tour de l'Évêque, 30000 Nîmes, France",4.0,744.0,43.825260799999995,4.370321800000001
Nimes,Logis Hôtel Nîmotel,"152 Rue Claude Nicolas Ledoux, 30900 Nîmes, France",3.8,1489.0,43.816375799999996,4.3461175
Nimes,Mas le Garric - Chambre d'hôtes à Nîmes,"631 Chem. d'Engance, 30000 Nîmes, France",4.4,21.0,43.8738684,4.3657145
Nimes,Hôtel Majestic,"9 Rue de la Servie, 30000 Nîmes, France",4.2,383.0,43.8344196,4.3653642
Nimes,Vatel Hôtel et Spa,"140 Rue Vatel, 30900 Nîmes, France",4.3,1318.0,43.8205897,4.3197003
Nimes,Hôtel Le Galambre,"3115 Rue de Générac, 30900 Nîmes, France",4.7,96.0,43.7881364,4.3540148
Nimes,Les villas du triangle - chambres d'hôtes,"58 Rue de l'Abrivado, 30000 Nîmes, France",4.8,99.0,43.840983699999995,4.3912131
Nimes,Brit Hotel Confort Nîmes Ouest,"157 Rue Tony Garnier, 30900 Nîmes, France",3.8,814.0,43.814756,4.344911
Aigues Mortes,Villa Mazarin,"35 Bd Gambetta, 30220 Aigues-Mortes, France",4.6,815.0,43.564914699999996,4.1918841
Aigues Mortes,Hôtel Les Jardins du Canal Aigues Mortes Camargue,"440 Rte de Nîmes, 30220 Aigues-Mortes, France",4.5,558.0,43.572869,4.1947449
Aigues Mortes,Hôtel Saint Louis,"10 Rue Amiral Courbet, 30220 Aigues-Mortes, France",4.5,660.0,43.567228,4.1895304
Aigues Mortes,Hôtel Les Templiers,"21 Rue de la république, 1 Bd Intérieur N, 30220 Aigues-Mortes, France",4.2,257.0,43.5668911,4.191940499999999
Aigues Mortes,Boutique Hotel des Remparts & SPA,"6 Pl. Anatole France, 30220 Aigues-Mortes, France",4.6,709.0,43.5679799,4.1902197
Aigues Mortes,Hôtel Chez Carrière,"18 Rue Pasteur, 30220 Aigues-Mortes, France",4.6,433.0,43.566507800000004,4.191100700000001
Aigues Mortes,Hôtel Le Médiéval- Aigues-Mortes Camargue,"221 Av. Pont de Provence, 30220 Aigues-Mortes, France",4.3,379.0,43.5717327,4.1936943
Aigues Mortes,Villa Adoya Chambres d'hôtes à Aigues-Mortes,"5 Rue J J Rousseau, 30220 Aigues-Mortes, France",5.0,24.0,43.5654615,4.1906992
Aigues Mortes,Hôtel Restaurant Le Mas Des Sables - Aigues-Mortes,"CD979, Mas Cambon Route de Saint Laurent d'Aigouze, 30220 Aigues-Mortes, France",4.0,568.0,43.58483100000001,4.197247
Aigues Mortes,Hôtel la Maison des Croisades,"2 Rue du Port, 30220 Aigues-Mortes, France",4.7,392.0,43.5690436,4.1883553
Aigues Mortes,LA PENICHE Bed & Bicycle - Aigues Mortes,"Quai du Commerce, 30220 Aigues-Mortes, France",4.9,20.0,43.5697558,4.1918501
Aigues Mortes,Ô 36 Rempart Sud B&B,"36 Rue Victor Hugo, 30220 Aigues-Mortes, France",4.9,96.0,43.5657871,4.1887579
Aigues Mortes,Hotel des 4 vents,"939 Rte de Nîmes, 30220 Aigues-Mortes, France",4.4,344.0,43.5771629,4.1974507999999995
Aigues Mortes,Chambre d’hôtes La Maison du Mole,"Route Du Mole, 30220 Aigues-Mortes, France",5.0,110.0,43.5519761,4.1680744
Aigues Mortes,Artemia Hôtel,"897 Rte de Nîmes, 30220 Aigues-Mortes, France",4.7,193.0,43.576435,4.1978076
Aigues Mortes,Hôtel L'escale,"6 Rue du Port, 30220 Aigues-Mortes, France",4.2,54.0,43.5687577,4.1880847
Aigues Mortes,L'Hermitage de Saint-Antoine,"9 Bd Intérieur N, 30220 Aigues-Mortes, France",4.9,15.0,43.566822699999996,4.1930654
Aigues Mortes,Maison de Mon Père,"17 Rue de la République, 30220 Aigues-Mortes, France",4.9,91.0,43.567116999999996,4.191668
Aigues Mortes,Bar Restaurant L'Escale,"3 Av. de la Tour de Constance, 30220 Aigues-Mortes, France",4.3,556.0,43.5682869,4.19171
Aigues Mortes,Marcelle en Camargue,"40 Rue Pasteur, 30220 Aigues-Mortes, France",5.0,113.0,43.566155599999995,4.1923449999999995
Saintes Maries de la mer,Hôtel Le Dauphin Bleu,"31 Av. Gilbert Leroy, 13460 Saintes-Maries-de-la-Mer, France",4.5,374.0,43.4525,4.433611099999999
Saintes Maries de la mer,Hôtel Camille,"13 Av. de la Plage, 13460 Saintes-Maries-de-la-Mer, France",4.1,573.0,43.4504253,4.429816499999999
Saintes Maries de la mer,Hôtel Méditerranée,"4 Av. Frédéric Mistral, 13460 Saintes-Maries-de-la-Mer, France",3.7,299.0,43.451222800000004,4.4266683
Saintes Maries de la mer,Hôtel Casa Marina,"1 Av. Gilbert Leroy, 13460 Saintes-Maries-de-la-Mer, France",4.8,1232.0,43.4510448,4.4308822
Saintes Maries de la mer,Hôtel Le Bleu Marine,"15 Av. du Dr Cambon, 13460 Saintes-Maries-de-la-Mer, France",3.6,259.0,43.4546785,4.433510500000001
Saintes Maries de la mer,Artemia Hôtel,"897 Rte de Nîmes, 30220 Aigues-Mortes, France",4.7,193.0,43.576435,4.1978076
Saintes Maries de la mer,Vila de la Mar Hôtel & Spa,"1 bis Rue Camille Pelletan, 13460 Saintes-Maries-de-la-Mer, France",4.3,573.0,43.4535293,4.4307718
Saintes Maries de la mer,Restaurant L'Abrivado - Hôtel - Café - Appartements,"2 Av. Théodore Aubanel, 13460 Saintes-Maries-de-la-Mer, France",4.4,541.0,43.450453499999995,4.426096300000001
Saintes Maries de la mer,Hôtel Le Castelet,"10 Rue des Launes, 13460 Saintes-Maries-de-la-Mer, France",3.3,405.0,43.4513475,4.4251232
Saintes Maries de la mer,Mas de Sylvereal Camargue,"30600 Vauvert, France",4.2,500.0,43.548299,4.3463937999999995
Saintes Maries de la mer,Hôtel Les Palmiers en Camargue,"16 Rue Alphonse Daudet, 13460 Saintes-Maries-de-la-Mer, France",4.3,838.0,43.4511184,4.4251423
Saintes Maries de la mer,Hôtel Restaurant La Ceinture,"Rte des Saintes Maries de la Mer, 30600 Vauvert, France",3.8,1147.0,43.5723638,4.3066091
Saintes Maries de la mer,"Hotel le Mirage , Saintes Maries de la mer en Camargue","14 Rue Camille Pelletan, 13460 Saintes-Maries-de-la-Mer, France",4.5,355.0,43.452909299999995,4.4308254
Saintes Maries de la mer,Le Mas de Cocagne,"Av. d'Arles, 13460 Saintes-Maries-de-la-Mer, France",4.5,292.0,43.4584988,4.424831999999999
Saintes Maries de la mer,Hotel Le Fangassier,"12 Rte de Cacharel, 13460 Saintes-Maries-de-la-Mer, France",4.7,401.0,43.4544425,4.4308423999999995
Saintes Maries de la mer,Thalacap Camargue,"PACA, Av. Commandant Jacques Y Cousteau, 13460 Saintes-Maries-de-la-Mer, France",4.0,2605.0,43.4534301,4.4348297
Saintes Maries de la mer,Hotel Mas des Lys Saintes-Maries-de-la-mer,"Av. d'Arles, 13460 Saintes-Maries-de-la-Mer, France",4.7,446.0,43.473991,4.409552
Saintes Maries de la mer,Hôtel La Tramontane,"de dromar, 94 Chem. Bas des Launes, 13460 Saintes-Maries-de-la-Mer, France",4.7,503.0,43.4727312,4.4101715
Saintes Maries de la mer,Hôtel Le Neptune en Camargue,"14 Rue Jean Aicard, 13460 Saintes-Maries-de-la-Mer, France",4.0,482.0,43.4521266,4.4253469999999995
Saintes Maries de la mer,Hôtel du Pont Blanc,"137 Chem. du Pont Blanc, 13460 Saintes-Maries-de-la-Mer, France",4.7,368.0,43.4570613,4.4242978
Collioure,Hôtel-Restaurant Les Roches Brunes,"15 Rte de Port-Vendres, 66190 Collioure, France",4.7,357.0,42.5252914,3.0901593999999997
Collioure,Hôtel Princes de Catalogne,"Rue des Palmiers, 66190 Collioure, France",4.1,680.0,42.5258727,3.0825997999999997
Collioure,Le Relais des Trois Mas,"12 Rte de Port-Vendres, 66190 Collioure, France",4.5,393.0,42.52449130000001,3.0887480999999997
Collioure,Hôtel La Casa Païral,"Rue des Palmiers, 66190 Collioure, France",4.6,499.0,42.526056399999995,3.0824923
Collioure,Hôtel La Frégate,"24 Av. Camille Pelletan, 66190 Collioure, France",4.1,2317.0,42.526447,3.0832129999999998
Collioure,Hôtel des Templiers,"12 Quai de l'Amirauté, 66190 Collioure, France",3.9,1891.0,42.5265808,3.0839817999999997
Collioure,Hôtel Méditerranée,"16 Av. Aristide Maillol, 66190 Collioure, France",4.0,222.0,42.5271745,3.0802623
Collioure,Résidence du soleil et spa ***,"7 Rue du Soleil, 66190 Collioure, France",4.4,238.0,42.523160499999996,3.0853979
Collioure,Hôtel Le Bon Port,"12 Rte de Port-Vendres, 66190 Collioure, France",4.2,270.0,42.5239939,3.0894581
Collioure,Hôtel le Mas des Citronniers - Collioure,"22 Rue de la République, 66190 Collioure, France",4.1,470.0,42.5252876,3.0824596000000004
Collioure,Hôtel Les Caranques,"15 Rte de Port-Vendres, 66190 Collioure, France",4.6,23.0,42.525335,3.0903210999999997
Collioure,Résidence Les Balcons de Collioure Pierre & Vacances,"28 Rte de Port-Vendres, 66190 Collioure, France",4.3,783.0,42.524502,3.0899099999999997
Collioure,Ibis Styles Collioure Port Vendres,"9004 Rte de Collioure, 66660 Port-Vendres, France",4.1,1374.0,42.522953799999996,3.1010345
Collioure,Logis Hôtel le Triton,"21 Rue Jean Bart, 66190 Collioure, France",3.7,417.0,42.523699,3.0871806999999998
Collioure,Grand Hôtel du Golfe,"3638 Rte de Collioure, 66700 Argelès-sur-Mer, France",4.4,1431.0,42.5337252,3.0643134
Collioure,"Maison Nova, Boutique Hôtel & Spa","33 Rte du Pla de las Fourques, 66190 Collioure, France",4.7,172.0,42.5289103,3.0794428
Collioure,Hôtel Ambeille Vue mer,"Rte d'Argelès, 66190 Collioure, France",4.4,90.0,42.525531199999996,3.0786127999999997
Collioure,Hôtel & Spa Les Mouettes,"Rte de Collioure, 66700 Argelès-sur-Mer, France",4.6,1286.0,42.533548100000004,3.0616909999999997
Collioure,Hôtel Madeloc & Spa,"24 Rue Romain Rolland, 66190 Collioure, France",4.6,547.0,42.5288062,3.0786506
Collioure,Collioure pieds dans l'eau,"Résidence Les Roches Bleues, Rte de Port-Vendres Bat A, Apt 22, 66190 Collioure, France",5.0,6.0,42.524637,3.0986023
Carcassonne,ibis Styles Carcassonne La Cité,"2 Rue Darius Milhaud, 11000 Carcassonne, France",4.4,1948.0,43.207414199999995,2.3725622
Carcassonne,Hôtel du Pont Vieux,"32 Rue Trivalle, 11000 Carcassonne, France",4.7,818.0,43.2090417,2.361725
Carcassonne,Hôtel L' Aragon - Carcassonne,"15 Mnt Gaston Combeleran, 11000 Carcassonne, France",4.3,841.0,43.2080047,2.3671545
Carcassonne,SOWELL HÔTELS Les Chevaliers,"3 Rue des Calquières, 11000 Carcassonne, France",4.1,1625.0,43.211203,2.3580226
Carcassonne,Gîtes les 3 tours 1e étage,"99 Rue Trivalle, 11000 Carcassonne, France",5.0,7.0,43.209448699999996,2.3650032999999997
Carcassonne,Hôtel Le Floréal,"12 Rue de l'Industrie, 11800 Trèbes, France",3.8,402.0,43.206264600000004,2.417523
Carcassonne,Hôtel Montségur,"1 Av. Bunau Varilla, 11000 Carcassonne, France",4.2,177.0,43.2122307,2.3446072
Carcassonne,Hôtels Charme & Design Groupe,"2 Rue Camille Saint-Saëns, 11000 Carcassonne, France",4.4,274.0,43.2074432,2.3674619999999997
Carcassonne,Carcassonne Townhouse,"4 Rue Bellevue, 11000 Carcassonne, France",4.7,148.0,43.2098436,2.3569061
Carcassonne,"Hôtel du Château ""Cité Médiévale de Carcassonne""","2 Rue Camille Saint-Saëns, 11000 Carcassonne, France",4.4,526.0,43.207113299999996,2.3669536
Carcassonne,Hôtel de la Cité Carcassonne - MGallery Collection,"Pl. Auguste Pierre Pont, 11000 Carcassonne, France",4.6,1456.0,43.205665499999995,2.3626936
Carcassonne,Hôtel Good Knight,"17 Mnt Gaston Combeleran, 11000 Carcassonne, France",4.6,356.0,43.207727899999995,2.3671386
Carcassonne,B&B HOTEL Carcassonne Rocadest La Cité,"Rue Joséphine Baker, 11000 Carcassonne, France",4.6,253.0,43.208737899999996,2.3898669999999997
Carcassonne,NUMBER15 Guesthouse Carcassonne,"15 Rue Raspail, 11000 Carcassonne, France",4.7,19.0,43.2191621,2.3451060999999997
Carcassonne,ENTRE BASTIDE ET CITÉ,"19 Rue du Manège, 11000 Carcassonne, France",4.8,133.0,43.2081046,2.3539773
Carcassonne,Brit Hotel Bosquet Carcassonne,"8 Rue des Coteaux de Pech Mary, 11000 Carcassonne, France",4.2,843.0,43.206221000000006,2.3837657
Carcassonne,Hôtel Restaurant Campanile Carcassonne,"Rue Camille Flammarion, 11000 Carcassonne, France",4.1,1646.0,43.209353,2.38694
Carcassonne,Logis hôtel Château de Palaja,"7 rue Barri Del Castel-Palaja, 11570 Carcassonne, France",4.8,263.0,43.17318650000001,2.3840618
Carcassonne,Hotel Montmorency,"2 Rue Camille Saint-Saëns, 11000 Carcassonne, France",4.1,877.0,43.207419699999996,2.3674953999999997
Carcassonne,Hotel Mercure Carcassonne La Cité,"18 Rue Camille Saint-Saëns, 11000 Carcassonne, France",4.4,1824.0,43.2068444,2.3695933
Ariege,la maison sous le château,"Midi-Pyrénées FR, 46 Rue du Village, 09300 Montségur, France",4.9,116.0,42.8717831,1.8340976
Ariege,Logis Hôtel le Manoir d'Agnès,"2 Rue Saint-Roch, 09400 Tarascon-sur-Ariège, France",4.4,537.0,42.843282099999996,1.6017877999999999
Ariege,"Le Château de Roques Hôtel, Restaurant et Réceptions - Ariège Mirepoix","La Forge, 09500 Teilhet, France",4.8,128.0,43.085582699999996,1.7869378999999999
Ariege,Hôtel La Cachette de Nina,"3 Beauregard, 09200 Saint-Girons, France",4.8,60.0,42.977847,1.1455654
Ariege,Auberge les Myrtilles Hôtel Restaurant,"Col des Marrous, 09000 Le Bosc, France",4.4,477.0,42.96105000000001,1.4359072
Ariege,Terres de France - Domaine du Palais,"Route De L Eveche, 09190 Saint-Lizier, France",4.0,140.0,43.003650199999996,1.1368744
Ariege,Le Jardin de Moulis - Chambres et Table d’Hôtes,"6 Rte de Castillon, 09200 Moulis, France",5.0,309.0,42.9718666,1.1127399999999998
Ariege,Hôtel La Maison des Consuls,"6 Pl. Maréchal Leclerc, 09500 Mirepoix, France",4.5,196.0,43.088682999999996,1.8745895
Ariege,Les Contes Bed and Breakfast,"Route de Montsegur, 09300 Fougax-et-Barrineuf, France",4.8,24.0,42.8830707,1.8733845
Ariege,Hôtel Pyrène Foix - Au coeur de l'Ariège,"Le Terrefort, Rue Serge Denis, 09000 Foix, France",4.3,419.0,42.9537352,1.6240481000000002
Ariege,Hôtel Confort 09 / HC-09,"3 Quai Armand Sylvestre, 09400 Tarascon-sur-Ariège, France",4.6,387.0,42.8468599,1.6058854
Ariege,La Petite Auberge de Niaux,"41 Rte du Montcalm, 09400 Niaux, France",4.6,392.0,42.8136088,1.5913855
Ariege,Logis Hôtel restaurant de la Poste,"16 Av. Victor Pilhes, 09400 Tarascon-sur-Ariège, France",3.7,458.0,42.848040399999995,1.6053129
Ariege,Hôtel de France,"18 Cr Dr Joseph Raynaud, 11230 Chalabre, France",4.3,320.0,42.982718999999996,2.007311
Ariege,L'Ecole Buissonnière Chambres d'hôtes à Laroque d'Olmes,"9 Rue du 19 Mars 1962, 09600 Laroque-d'Olmes, France",5.0,72.0,42.970845399999995,1.8711765999999999
Ariege,Au détour du larrech Chambres d'hotes,"2 Bd Paul Laffont, 09800 Castillon-en-Couserans, France",4.9,79.0,42.9211889,1.031861
Ariege,Chambre d'hôtes St Jacques,"La Ferme de St Jacques, Saint-Valentin, 09190 Saint-Lizier, France",4.9,72.0,43.013053899999996,1.1344423
Ariege,CHATEAU DU VAL LARBONT,"Bourdette, 09240 La Bastide-de-Sérou, France",4.9,34.0,43.010695,1.4144919999999999
Ariege,Belle Occitane Chambres d'hôtes,"11 Av. François Laguerre, 09400 Tarascon-sur-Ariège, France",4.9,142.0,42.847063000000006,1.6066440000000002
Ariege,À la Joie de Vivre,"63 Banat, 09400 Tarascon-sur-Ariège, France",5.0,6.0,42.853013,1.5676569999999999
Toulouse,ALFRED HOTELS - Toulouse Centre Wilson,"17 Rue Castellane, 31000 Toulouse, France",4.9,92.0,43.60575,1.450352
Toulouse,Appart'hôtel Odalys City Toulouse Centre Compans Caffarelli,"39 Rue du Béarnais, 31000 Toulouse, France",4.3,739.0,43.6090789,1.4274835000000001
Toulouse,Mama Shelter Toulouse,"54 56 Bd Lazare Carnot, 31000 Toulouse, France",4.3,5200.0,43.604959,1.4499176
Toulouse,Ibis Styles Toulouse Nord Sesquieres,"49 Av. Jean Zay, 31200 Toulouse, France",4.4,1103.0,43.652457899999995,1.4255012
Toulouse,ibis Toulouse Gare Matabiau,"14 Bd Bonrepos, 31000 Toulouse, France",4.1,1121.0,43.6111903,1.4522548
Toulouse,FirstName Toulouse,"84 All. Jean Jaurès, 31000 Toulouse, France",4.5,2077.0,43.6085626,1.453523
Toulouse,Hôtel Albert 1er - Hôtel Toulouse,"8 Rue Rivals, 31000 Toulouse, France",4.6,853.0,43.605965499999996,1.4449463999999999
Toulouse,Aparthotel Adagio Toulouse Centre La Grave,"24 Rue du Pont Saint-Pierre, 31300 Toulouse, France",4.8,550.0,43.5996254,1.4327470999999998
Toulouse,Appart'hôtel Odalys City Toulouse Centre Gare,"76 Rue de la Colombette, 31000 Toulouse, France",4.1,832.0,43.6049868,1.4559881000000001
Toulouse,Grand Hôtel de l'Opéra - BW Premier Collection by Best Western,"1 Pl. du Capitole E5, 31000 Toulouse, France",4.3,348.0,43.6038393,1.4440222
Toulouse,ibis Toulouse Centre,"2 Rue Claire Pauilhac, 31000 Toulouse, France",4.0,2157.0,43.610375,1.4462179
Toulouse,"Hôtel Héliot, Cosy Places by Charme et Caractère","3 Rue Héliot, 31000 Toulouse, France",4.7,271.0,43.607045199999995,1.4496291
Toulouse,Hotel Ibis Ponts Jumeaux,"99 Bd de la Marquette, 31000 Toulouse, France",4.1,1261.0,43.610886699999995,1.4202415
Toulouse,La Cour des Consuls Hotel & Spa Toulouse,"46 Rue des Couteliers, 31000 Toulouse, France",4.4,882.0,43.599449299999996,1.4416423000000003
Toulouse,The Social Hub Toulouse,"1 Rue de Sébastopol, 31000 Toulouse, France",4.4,769.0,43.6100534,1.4303698999999999
Toulouse,Hôtel d'Orsay Grand Matabiau,"8 Bd Bonrepos, 31000 Toulouse, France",4.3,467.0,43.610389399999995,1.4526563
Toulouse,ibis Styles Toulouse Centre Canal du Midi,"05 Bd de la Gare, 31500 Toulouse, France",4.1,3330.0,43.60148950000001,1.4572516
Toulouse,Appart-Hôtel Clément Ader,"23 Rue de Bayard, 31000 Toulouse, France",4.5,672.0,43.609546599999994,1.4482587999999998
Toulouse,Hôtel Mercure Toulouse Sud,"3 Av. Irène Joliot-Curie, 31100 Toulouse, France",4.5,746.0,43.5556608,1.4299404
Toulouse,ibis Styles Toulouse Centre Capitole,"2 Rue du Taur, 31000 Toulouse, France",4.6,1450.0,43.605002999999996,1.4431622
Montauban,"Abbaye des Capucins , Montauban","6-8 Quai de Verdun, 82000 Montauban, France",4.4,1859.0,44.0206604,1.3500855999999999
Montauban,Dali Hôtel Montauban,"8 Quai de Verdun, 82000 Montauban, France",4.6,265.0,44.0206016,1.3495844
Montauban,Hôtel Mercure Montauban,"12 Rue Notre Dame, 82000 Montauban, France",4.3,415.0,44.015725499999995,1.3552012999999998
Montauban,B&B HOTEL Montauban,"205 Rue Romy Schneider, 82000 Montauban, France",4.2,1736.0,44.0401522,1.3860196999999999
Montauban,Hôtel ibis budget Montauban Les Chaumes,"50 Route De Saint Martial, Les Chaumes/Monclar Sortie 62, 82000 Montauban, France",4.0,974.0,44.0052872,1.3838035
Montauban,Hôtel du Commerce,"9 Pl. Franklin Roosevelt, 82000 Montauban, France",4.1,434.0,44.015439199999996,1.3539397
Montauban,Ibis styles Montauban,"hotel ibis Styles, sas le Castel, 50 Rte de Saint-Martial, 82000 Montauban, France",4.5,327.0,44.005284499999995,1.3837465999999998
Montauban,ibis Montauban,"50 Route St Martial, Rocade Toulouse Limoges, Les Chaumes Sortie 62, 82000 Montauban, France",4.2,665.0,44.0053176,1.3838238
Montauban,Brit Hotel Montauban,"Zone ALBASUD, 16 Imp. Jacques Daguerre, 82000 Montauban, France",4.1,514.0,43.9807613,1.330253
Montauban,Domaine de Belcayre,"1105 Rte du Fau, 82000 Montauban, France",4.6,102.0,43.993918799999996,1.3754734
Montauban,Sure Hôtel by Best Western les Portes de Montauban,"225 Imp. de Fontanilles, 82710 Montauban, France",4.6,435.0,43.935772799999995,1.3219267
Montauban,Les Loges de Montauban,"45 Rue Jules Michelet, 82000 Montauban, France",3.7,6.0,44.016463699999996,1.3578743
Montauban,Première Classe Montauban,"60 Imp. Louis Lépine, 82000 Montauban, France",2.6,985.0,43.983128799999996,1.333887
Montauban,Vanille Bourbon,"24 Av. Chamier, 82000 Montauban, France",4.9,87.0,44.013237,1.3445913
Montauban,46FM Montauban Guest House,"46 Fbg du Moustier, 82000 Montauban, France",4.0,20.0,44.012771,1.3563916999999999
Montauban,Hôtel de France Montauban de Bretagne **,"32-34 Rue du Général de Gaulle, 35360 Montauban-de-Bretagne, France",4.3,164.0,48.1997732,-2.0475875
Montauban,Château de Loubejac - Logis Hôtel,"14 Chem. de Jambau, 82130 L'Honor-de-Cos, France",4.4,116.0,44.0895746,1.3482055
Montauban,Maison Molieres Montauban,"5 Rue Hélène Boucher, 82000 Montauban, France",4.8,4.0,44.0238193,1.3676504
Montauban,La Maison de Maxou,"1800 Rte de Bordeaux, 82000 Montauban, France",4.8,26.0,44.0314304,1.3176617
Biarritz,Hôtel du Palais Biarritz - The Unbound Collection by Hyatt,"1 Av. de l'Impératrice, 64200 Biarritz, France",4.6,2004.0,43.486795799999996,-1.5562045999999998
Biarritz,ALFRED HOTELS - Port Vieux,"10 Rue du Port-Vieux, 64200 Biarritz, France",4.7,1097.0,43.482222,-1.5662992
Biarritz,Hôtel Windsor Biarritz,"11 Av. Edouard VII, 64200 Biarritz, France",4.3,956.0,43.4839744,-1.5584569
Biarritz,Hôtel Le Garage Biarritz,"50 Av. de l'Impératrice, 64200 Biarritz, France",4.7,381.0,43.4906013,-1.5517063999999998
Biarritz,ALFRED HOTELS - Les Halles,"18 Rue Gambetta, 64200 Biarritz, France",4.8,309.0,43.4816792,-1.5632507000000002
Biarritz,Hôtel Plaza Biarritz Plage - Handwritten Collection,"10 Av. Edouard VII, 64200 Biarritz, France",4.3,809.0,43.4827967,-1.5584238
Biarritz,Hôtel Kemaris,"34-35 Av. Maréchal Joffre, 64200 Biarritz, France",4.2,734.0,43.4765665,-1.5625647999999999
Biarritz,Talaia Hôtel & Spa Biarritz -MGallery Collection,"1 Carr d'Hélianthe, 64200 Biarritz, France",4.7,340.0,43.478335699999995,-1.5646244
Biarritz,Hôtel de Silhouette,"30 Rue Gambetta, 64200 Biarritz, France",4.5,339.0,43.4810966,-1.5633598
Biarritz,Hôtel de la Plage,"3 Esp. du Port Vieux, 64200 Biarritz, France",4.4,690.0,43.482105,-1.5674472
Biarritz,Hôtel Saint-Julien,"20 Av. Carnot, 64200 Biarritz, France",4.8,344.0,43.479062299999995,-1.5625395
Biarritz,Hôtel Mercure Président Biarritz Plage,"18 Pl. Georges Clemenceau, 64200 Biarritz, France",4.3,782.0,43.4817764,-1.5597483
Biarritz,Regina Experimental Biarritz,"52 Av. de l'Impératrice, 64200 Biarritz, France",4.5,895.0,43.491379599999995,-1.5520148000000002
Biarritz,CHAMBRE D'HOTES BIARRTIZ VILLA BIBICHERI,"82 Imp. des Dauphins VILLA BIBICHERI, 64200 Biarritz, France",5.0,33.0,43.473552,-1.5605868999999999
Biarritz,Hotel Ibis Budget Biarritz Anglet,"70, Avenue D'Espagne, Rn 10, 64600 Anglet, France",3.8,1233.0,43.4768155,-1.5269627000000001
Biarritz,Hôtel de l'ocean,"9 Pl. Sainte-Eugénie, 64200 Biarritz, France",4.3,755.0,43.4825532,-1.5642128
Biarritz,Edouard VII | Hôtel de charme en centre-ville de Biarritz,"21 Av. Carnot, 64200 Biarritz, France",4.7,373.0,43.4792902,-1.5623281999999998
Biarritz,MAISON MAITE,"5 Rue d'Alger, 64200 Biarritz, France",4.9,8.0,43.480272199999995,-1.5594263
Biarritz,Villa KOEGUI Biarritz,"7 Rue de Gascogne, 64200 Biarritz, France",4.6,248.0,43.4807716,-1.5582299
Biarritz,Fasthôtel Biarritz Bidart Côte Basque - un hôtel FH Collection,"1350 Av. de Bayonne, 64210 Bidart, France",4.3,841.0,43.449715999999995,-1.5617043
Bayonne,Hôtel Loreak,"1 Chem. de Hayet, 64100 Bayonne, France",4.4,1632.0,43.4933776,-1.4524306
Bayonne,Hôtel & Restaurant Des Basses Pyrénées,"13 Rue Tour de Sault, 64100 Bayonne, France",4.5,646.0,43.4885267,-1.4771697
Bayonne,B&B HOTEL Bayonne,"29 Rue du Colonel Melville Lynch, 64100 Bayonne, France",3.8,2203.0,43.4644907,-1.4960328999999999
Bayonne,Hotel ibis Styles Bayonne Centre Gare,"1 Pl. de la République, 64100 Bayonne, France",4.3,887.0,43.4954378,-1.4709333
Bayonne,Mercure Bayonne Centre - Le Grand Hôtel,"21 Rue Thiers, 64100 Bayonne, France",4.4,758.0,43.4924922,-1.4764073000000002
Bayonne,Hôtel Villa KOEGUI Bayonne,"7 Rue Frédéric Bastiat, 64100 Bayonne, France",4.7,488.0,43.492365899999996,-1.4725911999999999
Bayonne,IBIS BAYONNE CENTRE,"46 Bd Alsace Lorraine, 64100 Bayonne, France",4.1,1225.0,43.492614599999996,-1.4657368
Bayonne,Hôtel Côte Basque,"2 Rue Maubec, 64100 Bayonne, France",3.9,900.0,43.4961768,-1.4695479
Bayonne,Villa La Renaissance,"12 Chem. de Jacquette, 64100 Bayonne, France",4.8,108.0,43.4823214,-1.4681636
Bayonne,Hotel Ibis Budget Bayonne,"6, Avenue Du Grand Basque Rn 117, Za, Rue Saint-Frédéric, 64100 Bayonne, France",3.9,2378.0,43.4887046,-1.4571994
Bayonne,Adonis Hôtel Bayonne,"Centre Européen de Frêt, Rue Mayzounave Bidea, 64990 Lahonce, France",4.1,1500.0,43.4901534,-1.4311821
Bayonne,Hotel Les Genets,"86 Av. du 8 Mai 1945, 64100 Bayonne, France",3.7,1427.0,43.4649685,-1.4960149999999999
Bayonne,Hôtel Le Bayonne,"1 Av. Jean Rostand, 64100 Bayonne, France",4.0,1651.0,43.485191199999996,-1.475353
Bayonne,Okko Hotels Bayonne Centre,"22 Bd du BAB, 64100 Bayonne, France",4.3,1571.0,43.4957159,-1.4834397
Bayonne,hotelF1 Bayonne,"Za St-Fréderic Ii, 9 Rue de Chalibardon, 64100 Bayonne, France",2.7,1127.0,43.4895646,-1.4505583
Bayonne,Hostel 20 Bayonne Centre,"8 Rue Sainte-Catherine, 64100 Bayonne, France",4.1,382.0,43.4953496,-1.4687527999999999
Bayonne,Première Classe Bayonne,"ZAC DE SAINT FREDERIC, 3 Rue de Chalibardon, 64100 Bayonne, France",2.7,1104.0,43.490505,-1.4521499999999998
Bayonne,Campanile Nature - Bayonne,"3 Av. du Grand Basque, 64100 Bayonne, France",3.3,893.0,43.491254,-1.4546999999999999
Bayonne,B&B HOTEL Bayonne Tarnos,"50 Bd Jacques Duclos, 40220 Tarnos, France",4.1,2075.0,43.5285824,-1.462918
Bayonne,Baionakoa Résidence,"63 bis Rue d'Espagne, 64100 Bayonne, France",4.5,41.0,43.489849,-1.477071
La Rochelle,Hôtel Saint Nicolas La Rochelle,"13 Rue Sardinerie, 17000 La Rochelle, France",4.6,1780.0,46.1581112,-1.1489279
La Rochelle,Un Hôtel en Ville,"20 Pl. du Maréchal Foch, 17000 La Rochelle, France",4.8,373.0,46.1571685,-1.1563198
La Rochelle,Hotel ibis budget La Rochelle Centre,"27 Rue De Périgny, Access By, Rue Flora Tristan Street, 17000 La Rochelle, France",4.0,1046.0,46.1575988,-1.1401184
La Rochelle,Hôtel La Fabrique,"7 Rue de la Fabrique, 17000 La Rochelle, France",4.4,918.0,46.1561543,-1.1485851999999999
La Rochelle,Le Masq Hôtel La Rochelle,"17 Rue de l'Ouvrage À Cornes, 17000 La Rochelle, France",4.6,1070.0,46.1549003,-1.1448933
La Rochelle,B&B HOTEL La Rochelle Centre Les Minimes,"Z.A. des Minimes, 49 Rue de la Scierie, 17000 La Rochelle, France",4.1,717.0,46.147143,-1.152663
La Rochelle,Novotel La Rochelle Centre,"Av. Prte Neuve, 17000 La Rochelle, France",4.4,1673.0,46.160837,-1.158506
La Rochelle,Maisons du Monde Hôtel & Suites - La Rochelle Vieux-Port,"3 Rue St Jean du Pérot, accès PMR, 4 Pl. de la Chaîne, 17000 La Rochelle, France",4.3,1084.0,46.156546999999996,-1.154639
La Rochelle,Hôtel Mercure La Rochelle Vieux-Port,"Quai Louis Prunier, 17000 La Rochelle, France",4.4,2134.0,46.153502599999996,-1.1493541999999999
La Rochelle,Maison des Ambassadeurs,"43 Rue du Minage, 17000 La Rochelle, France",4.5,675.0,46.1628042,-1.1511361
La Rochelle,Kyriad La Rochelle Centre Ville,"51 Rue de Périgny, 17000 La Rochelle, France",4.1,1069.0,46.157754,-1.1387429999999998
La Rochelle,Best Western Plus Central Park Hôtel & Spa,"4 Av. Jean Guiton, 17000 La Rochelle, France",4.6,1211.0,46.159323,-1.160636
La Rochelle,B&B HOTEL La Rochelle Centre,"140 Bd Joffre, 17000 La Rochelle, France",4.2,3024.0,46.1546689,-1.1443946999999999
La Rochelle,ibis budget La Rochelle Centre les Minimes,"32 Street De La Scierie, 17033 La Rochelle, France",3.8,1359.0,46.1465396,-1.1529743
La Rochelle,ibis La Rochelle Vieux-Port,"Pl. du Commandant de la Motte Rouge, 17000 La Rochelle, France",4.3,1356.0,46.156005799999996,-1.1482801
La Rochelle,Hôtel La Marine,"30 Quai Duperré, 17000 La Rochelle, France",4.4,406.0,46.15828820000001,-1.1527463999999998
La Rochelle,Hotel Le Champlain,"30 Rue Rambaud, 17000 La Rochelle, France",4.6,889.0,46.163574200000006,-1.154299
La Rochelle,ARTY HOTEL & SPA LA MONNAIE,"3 Rue de la Monnaie, 17000 La Rochelle, France",4.5,579.0,46.156194,-1.1577419
La Rochelle,"Hôtel Les Brises, vue mer.","Chem. de la Digue Richelieu, 17000 La Rochelle, France",4.5,869.0,46.1540308,-1.1745838000000002
La Rochelle,Hotel ibis Styles La Rochelle Centre,"9 Rue Chef De Ville, Cars, 4 Rue Léonce Vieljeux, 17000 La Rochelle, France",4.3,1290.0,46.158252999999995,-1.1542402
